TIPO DE MORTE;HORA;BAIRRO DA OCORRENCIA;LOGRADOURO DA OCORRENCIA;GENERO;ETNIA;IDADE;PROFISSAO;ESCOLARIDADE;INSTRUMENTO UTILIZADO;MES;DIA;DIA DA SEMANA;FAIXA ;HORARIO APROXIMADO;TURNO
HOMICIDIO;01:45;ALECRIM;R MACHADO DE ASSIS EM FRENTE A SUA RESIDENCIA;MASCULINO;PARDA;16;ESTUDANTE C;ENSINO MEDIO COMPLETO;ARMA DE FOGO;agosto;28;quarta-feira;ADOLESCENTE;2;MADRUGADA
HOMICIDIO;13:38;ALECRIM;NA COMUNIDADE GUARITA;MASCULINO;PARDA;35;DESEMPREGADO;NI;ARMA DE FOGO;junho;14;sexta-feira;ADULTO;14;VESPERTINO
HOMICIDIO;23:09;ALECRIM;R CEL JOSE DOMINGUES Nº 84 A;MASCULINO;PARDA;23;NI;NI;ARMA DE FOGO;dezembro;16;segunda-feira;ADULTO;23;NOTURNO
HOMICIDIO;00:11;ALECRIM;R DOS CAICOS Nº 1347;MASCULINO;NEGRA;46;NI;NI;ARMA DE FOGO;novembro;7;quinta-feira;ADULTO;0;NOTURNO
HOMICIDIO;19:18;ALECRIM;R MACHADO DE ASSIS;MASCULINO;NEGRA;43;NI;NI;ARMA DE FOGO;outubro;14;segunda-feira;ADULTO;19;NOTURNO
HOMICIDIO;01:27;AREIA PRETA;R TUIUTI , EM FRENTE AO Nº 256;MASCULINO;PARDA;29;SERVENTE DE OBRAS;ENSINO FUNDAMENTAL COMPLETO;ARMA DE FOGO;novembro;14;quinta-feira;ADULTO;1;NOTURNO
HOMICIDIO;02:30;AREIA PRETA;PRAIA DE AREIA PRETA ;FEMININO;PARDA;13;ESTUDANTE C;ENSINO MEDIO COMPLETO;ASFIXIA MECANICA PROVOCADA;junho;24;segunda-feira;ADOLESCENTE;3;MADRUGADA
HOMICIDIO;16:48;AREIA PRETA;R VEREADOR JOAO SOARES DE ARAUJO;MASCULINO;PARDA;20;DESEMPREGADO;NI;ARMA DE FOGO;agosto;13;terça-feira;ADULTO;17;VESPERTINO
HOMICIDIO;03:27;AREIA PRETA;R VEREADOR JOAO SOARES DE ARAUJO Nº 02;MASCULINO;NEGRA;40;DESOCUPADO(A);NI;ARMA DE FOGO;abril;11;quinta-feira;ADULTO;3;MADRUGADA
LESAO CORPORAL SEGUIDA DE MORTE;17:04;BOM PASTOR;R NOVA JERUSALEM;MASCULINO;NEGRA;37;PINTOR;ENSINO FUNDAMENTAL COMPLETO;ARMA BRANCA;maio;11;sábado;ADULTO;17;VESPERTINO
HOMICIDIO;13:59;BOM PASTOR;AV BOM PASTOR;MASCULINO;PARDA;16;ESTUDANTE B;ENSINO FUNDAMENTAL COMPLETO;ARMA DE FOGO;fevereiro;13;quarta-feira;ADOLESCENTE;14;VESPERTINO
HOMICIDIO;13:38;BOM PASTOR;AV BOM PASTOR;FEMININO;BRANCA;34;VENDEDOR AUTONOMO;ENSINO FUNDAMENTAL COMPLETO;ARMA DE FOGO;setembro;21;sábado;ADULTO;14;VESPERTINO
HOMICIDIO;19:54;BOM PASTOR;POR TRAS DO CEMITERIO ;MASCULINO;PARDA;30;VENDEDOR AUTONOMO;ENSINO FUNDAMENTAL COMPLETO;ARMA DE FOGO;abril;7;domingo;ADULTO;20;NOTURNO
HOMICIDIO;13:05;BOM PASTOR;R BERNARDO GAMA;MASCULINO;BRANCA;24;SERVENTE DE OBRAS;ENSINO FUNDAMENTAL COMPLETO;ARMA DE FOGO;outubro;1;terça-feira;ADULTO;13;VESPERTINO
HOMICIDIO;12:29;BOM PASTOR;R BIANOR MEDEIROS ;MASCULINO;BRANCA;23;AGRICULTOR(A);ENSINO FUNDAMENTAL COMPLETO;ARMA DE FOGO;agosto;10;sábado;ADULTO;12;MATUTINO
LESAO CORPORAL SEGUIDA DE MORTE;14:51;BOM PASTOR;R HENRIQUE DIAS;MASCULINO;PARDA;17;ESTUDANTE B;ENSINO FUNDAMENTAL COMPLETO;ARMA DE FOGO;março;6;quarta-feira;ADOLESCENTE;15;VESPERTINO
HOMICIDIO;20:33;BOM PASTOR;R MANOEL MAXIMO ;MASCULINO;PARDA;27;SERVENTE DE OBRAS;ENSINO FUNDAMENTAL COMPLETO;ARMA DE FOGO;outubro;26;sábado;ADULTO;21;NOTURNO
LESAO CORPORAL SEGUIDA DE MORTE;00:51;BOM PASTOR;R PERCIVAL CALDAS;MASCULINO;BRANCA;37;VENDEDOR AUTONOMO;ENSINO FUNDAMENTAL COMPLETO;ARMA DE FOGO;abril;16;terça-feira;ADULTO;1;NOTURNO
HOMICIDIO;14:51;BOM PASTOR;TV LIMA E SILVA Nº 2;MASCULINO;PARDA;58;AUXILIAR DE ALMOXARIFADO DE OBRAS;ENSINO MEDIO COMPLETO;ARMA BRANCA;junho;16;domingo;ADULTO;15;VESPERTINO
HOMICIDIO;NI;BOM PASTOR;R NAPOLEAO LAUREANO - EM FRENTE AO COMERCIO DA VITIMA;MASCULINO;NEGRA;36;COMERCIANTE;ENSINO MEDIO COMPLETO;ARMA DE FOGO;maio;11;sábado;ADULTO;NI;NI
LATROCINIO;14:25;BOM PASTOR;R RIO NORTE;MASCULINO;BRANCA;47;VIGILANTE;ENSINO MEDIO COMPLETO;ARMA DE FOGO;agosto;10;sábado;ADULTO;14;VESPERTINO
HOMICIDIO;02:30;BOM PASTOR;AV BOM PASTOR;MASCULINO;BRANCA;44;NI;NI;ARMA DE FOGO;agosto;21;quarta-feira;ADULTO;3;MADRUGADA
HOMICIDIO;13:38;BOM PASTOR;AV CAP MOR GOUVEIA;MASCULINO;PARDA;17;MENOR SEM OCUPACAO;NI;ARMA DE FOGO;dezembro;23;segunda-feira;ADOLESCENTE;14;VESPERTINO
HOMICIDIO;22:55;BOM PASTOR;AV MIGUEL CASTRO;MASCULINO;BRANCA;48;NI;NI;ARMA DE FOGO;setembro;9;segunda-feira;ADULTO;23;NOTURNO
LESAO CORPORAL SEGUIDA DE MORTE;21:39;BOM PASTOR;BR 226 KM,06 ;MASCULINO;PARDA;19;DESEMPREGADO;NI;ARMA DE FOGO;dezembro;20;sexta-feira;ADULTO;22;NOTURNO
HOMICIDIO;20:15;BOM PASTOR;NI;MASCULINO;PARDA;67;NI;NI;ARMA DE FOGO;dezembro;19;quinta-feira;IDOSO;20;NOTURNO
LESAO CORPORAL SEGUIDA DE MORTE;02:30;BOM PASTOR;R BIONOR MEDEIROS ;MASCULINO;PARDA;18;DESOCUPADO(A);NI;ARMA DE FOGO;março;22;sexta-feira;ADULTO;3;MADRUGADA
HOMICIDIO;13:38;BOM PASTOR;R CEL COELHO;MASCULINO;PARDA;18;DESOCUPADO(A);NI;ARMA DE FOGO;março;21;quinta-feira;ADULTO;14;VESPERTINO
HOMICIDIO;20:17;BOM PASTOR;R HENRIQUE DIAS Nº 61;MASCULINO;PARDA;17;MENOR SEM OCUPACAO;NI;ARMA DE FOGO;dezembro;19;quinta-feira;ADOLESCENTE;20;NOTURNO
HOMICIDIO;11:44;BOM PASTOR;R MANOEL MIRANDA Nº 2829;MASCULINO;BRANCA;33;DESEMPREGADO;NI;ARMA DE FOGO;janeiro;30;quarta-feira;ADULTO;12;MATUTINO
LESAO CORPORAL SEGUIDA DE MORTE;20:14;BOM PASTOR;R MARCIA MAIA ;MASCULINO;PARDA;18;DESEMPREGADO;NI;ARMA DE FOGO;agosto;5;segunda-feira;ADULTO;20;NOTURNO
LESAO CORPORAL SEGUIDA DE MORTE;15:15;CANDELÁRIA;AV MARECHAL RONDON;MASCULINO;PARDA;31;NI;NI;OBJETO CONTUNDENTE;março;19;terça-feira;ADULTO;15;VESPERTINO
LESAO CORPORAL SEGUIDA DE MORTE;23:09;CAPIM MACIO;AV ENG ROBERTO FREIRE;MASCULINO;PARDA;28;DESEMPREGADO;NI;CARBONIZACAO;julho;5;sexta-feira;ADULTO;23;NOTURNO
HOMICIDIO;21:39;CIDADE ALTA;R QUINTINO BOCAIUVA COM A R 4 MARCOS;MASCULINO;BRANCA;21;SOLDADOR;ENSINO FUNDAMENTAL COMPLETO;ARMA BRANCA;maio;4;sábado;ADULTO;22;NOTURNO
HOMICIDIO;NI;CIDADE ALTA;R PORTO SEGURO Nº 706;MASCULINO;NEGRA;48;VENDEDOR AUTONOMO;ENSINO FUNDAMENTAL COMPLETO;ARMA DE FOGO;janeiro;6;domingo;ADULTO;NI;NI
HOMICIDIO;20:48;CIDADE ALTA;PACO DA PATRIA;MASCULINO;NEGRA;22;DESEMPREGADO;NI;ARMA BRANCA;janeiro;17;quinta-feira;ADULTO;21;NOTURNO
HOMICIDIO;19:54;CIDADE ALTA;PRACA PADRE JOAO MARIA;MASCULINO;PARDA;24;DESOCUPADO(A);NI;ARMA DE FOGO;fevereiro;2;sábado;ADULTO;20;NOTURNO
HOMICIDIO;14:51;CIDADE ALTA;R PADRE JOAO MANOEL;MASCULINO;PARDA;19;NI;NI;ARMA DE FOGO;novembro;9;sábado;ADULTO;15;VESPERTINO
HOMICIDIO;14:51;CIDADE ALTA;R PROJETADA PACO DA PATRIA;MASCULINO;NEGRA;29;DESEMPREGADO;NI;ARMA DE FOGO;maio;21;terça-feira;ADULTO;15;VESPERTINO
HOMICIDIO;11:44;CIDADE ALTA;AV PRINCESA ISABEL;MASCULINO;BRANCA;33;NI;NI;CARBONIZACAO;abril;6;sábado;ADULTO;12;MATUTINO
LATROCINIO;14:25;CIDADE DA ESPERANÇA;AV CEL ESTEVAM;FEMININO;BRANCA;51;DO LAR;ENSINO FUNDAMENTAL COMPLETO;ARMA BRANCA;maio;29;quarta-feira;ADULTO;14;VESPERTINO
LATROCINIO;21:39;CIDADE DA ESPERANÇA;R BELO MONTE;MASCULINO;PARDA;32;PEDREIRO;ENSINO FUNDAMENTAL COMPLETO;ARMA BRANCA;setembro;13;sexta-feira;ADULTO;22;NOTURNO
HOMICIDIO;21:39;CIDADE DA ESPERANÇA;AV CAP MOR GOUVEIA;MASCULINO;NEGRA;44;PINTOR;ENSINO FUNDAMENTAL COMPLETO;ARMA DE FOGO;junho;29;sábado;ADULTO;22;NOTURNO
HOMICIDIO;21:35;CIDADE DA ESPERANÇA;AV CAP MOR GOUVEIA;MASCULINO;PARDA;25;SERVENTE DE OBRAS;ENSINO FUNDAMENTAL COMPLETO;ARMA DE FOGO;junho;6;quinta-feira;ADULTO;22;NOTURNO
LESAO CORPORAL SEGUIDA DE MORTE;15:15;CIDADE DA ESPERANÇA;AV CAP MOR GOUVEIA;MASCULINO;NEGRA;31;SERVENTE DE OBRAS;ENSINO FUNDAMENTAL COMPLETO;ARMA DE FOGO;dezembro;10;terça-feira;ADULTO;15;VESPERTINO
HOMICIDIO;20:43;CIDADE DA ESPERANÇA;AV CAP MOR GOUVEIA;MASCULINO;PARDA;27;VENDEDOR AUTONOMO;ENSINO FUNDAMENTAL COMPLETO;ARMA DE FOGO;maio;23;quinta-feira;ADULTO;21;NOTURNO
HOMICIDIO;10:07;CIDADE DA ESPERANÇA;TVCATETINHO , GALPAO GESSO E SERVICOS;MASCULINO;NEGRA;26;GESSEIRO;ENSINO FUNDAMENTAL COMPLETO;ARMA DE FOGO;abril;4;quinta-feira;ADULTO;10;MATUTINO
LESAO CORPORAL SEGUIDA DE MORTE;18:41;CIDADE DA ESPERANÇA;VIA PUBLICA;MASCULINO;NEGRA;43;FLANELINHA;ENSINO FUNDAMENTAL COMPLETO;ESPANCAMENTO;julho;21;domingo;ADULTO;19;NOTURNO
HOMICIDIO;21:38;CIDADE DA ESPERANÇA;AV CAP MOR GOUVEIA;MASCULINO;NEGRA;70;GARCOM;ENSINO MEDIO COMPLETO;ARMA DE FOGO;março;28;quinta-feira;IDOSO;22;NOTURNO
HOMICIDIO;21:39;CIDADE DA ESPERANÇA;R TIRADENTES Nº 455;MASCULINO;PARDA;17;MENOR SEM OCUPACAO;NI;ARMA BRANCA;março;22;sexta-feira;ADOLESCENTE;22;NOTURNO
HOMICIDIO;14:51;CIDADE DA ESPERANÇA;AV CAP MOR GOUVEIA;MASCULINO;PARDA;27;DESEMPREGADO;NI;ARMA DE FOGO;outubro;4;sexta-feira;ADULTO;15;VESPERTINO
LESAO CORPORAL SEGUIDA DE MORTE;NI;CIDADE DA ESPERANÇA;FAVELA DO DETRAN;MASCULINO;NEGRA;15;MENOR SEM OCUPACAO;NI;ARMA DE FOGO;janeiro;5;sábado;ADOLESCENTE;NI;NI
HOMICIDIO;14:51;CIDADE DA ESPERANÇA;R AREIA BRANCA Nº 20;MASCULINO;NEGRA;33;NI;NI;ARMA DE FOGO;novembro;28;quinta-feira;ADULTO;15;VESPERTINO
HOMICIDIO;22:55;CIDADE DA ESPERANÇA;R NATAL;MASCULINO;NEGRA;38;NI;NI;ARMA DE FOGO;outubro;6;domingo;ADULTO;23;NOTURNO
LESAO CORPORAL SEGUIDA DE MORTE;20:17;CIDADE DA ESPERANÇA;AV RIO GRANDE DO NORTE;MASCULINO;NEGRA;2;ESTUDANTE A;PRE-ESCOLA;ARMA DE FOGO;maio;16;quinta-feira;CRIANÇA;20;NOTURNO
LESAO CORPORAL SEGUIDA DE MORTE;14:51;CIDADE NOVA;AV CENTRAL;MASCULINO;PARDA;23;GESSEIRO;ENSINO FUNDAMENTAL COMPLETO;ARMA DE FOGO;abril;18;quinta-feira;ADULTO;15;VESPERTINO
HOMICIDIO;20:14;CIDADE NOVA;AV CENTRAL ;MASCULINO;BRANCA;33;SERVENTE DE OBRAS;ENSINO FUNDAMENTAL COMPLETO;ARMA DE FOGO;março;28;quinta-feira;ADULTO;20;NOTURNO
HOMICIDIO;22:55;CIDADE NOVA;AV DA DEVISAO ;FEMININO;BRANCA;43;EMPREGADO DOMESTICO;ENSINO FUNDAMENTAL COMPLETO;ARMA DE FOGO;agosto;3;sábado;ADULTO;23;NOTURNO
HOMICIDIO;16:45;CIDADE NOVA;R DANTAS BARRETO Nº 520;MASCULINO;PARDA;20;VENDEDOR AUTONOMO;ENSINO FUNDAMENTAL COMPLETO;ARMA DE FOGO;março;10;domingo;ADULTO;17;VESPERTINO
HOMICIDIO;22:39;CIDADE NOVA;R JOAO PAULO II Nº 03;MASCULINO;PARDA;19;AUXILIAR DE MARCENEIRO;ENSINO FUNDAMENTAL COMPLETO;ARMA DE FOGO;setembro;11;quarta-feira;ADULTO;23;NOTURNO
LESAO CORPORAL SEGUIDA DE MORTE;21:39;CIDADE NOVA;R PINHEIRO, PROXIMO A PRACINHA DE CIDADE NOVA;MASCULINO;PARDA;19;SERVENTE DE OBRAS;ENSINO FUNDAMENTAL COMPLETO;ARMA DE FOGO;agosto;1;quinta-feira;ADULTO;22;NOTURNO
HOMICIDIO;21:39;CIDADE NOVA;TV PINHEIRO Nº 191;MASCULINO;PARDA;24;FLANELINHA;ENSINO FUNDAMENTAL COMPLETO;ASFIXIA MECANICA PROVOCADA;fevereiro;22;sexta-feira;ADULTO;22;NOTURNO
HOMICIDIO;00:45;CIDADE NOVA;ENCONTRADA NA ENTRADA DO PARQUE DA CIDADE;FEMININO;NEGRA;47;AUTONOMO(A);ENSINO FUNDAMENTAL COMPLETO;ESPANCAMENTO;novembro;16;sábado;ADULTO;1;NOTURNO
LESAO CORPORAL SEGUIDA DE MORTE;21:39;CIDADE NOVA;COMUNIDADE ESPERANCA - EM FRENTE AOS KITNETS;MASCULINO;PARDA;20;ESTUDANTE C;ENSINO MEDIO COMPLETO;ARMA DE FOGO;novembro;22;sexta-feira;ADULTO;22;NOTURNO
HOMICIDIO;21:39;CIDADE NOVA;ENCONTRADO NA R DANTAS BARRETO ;MASCULINO;PARDA;20;ESTUDANTE C;ENSINO MEDIO COMPLETO;ARMA DE FOGO;junho;23;domingo;ADULTO;22;NOTURNO
HOMICIDIO;23:42;CIDADE NOVA;ENTRE A AV CENTRAL E PADRE CICERO - BAR DO GERALDO;MASCULINO;PARDA;67;VIGILANTE;ENSINO MEDIO COMPLETO;ARMA DE FOGO;abril;25;quinta-feira;IDOSO;24;NOTURNO
LESAO CORPORAL SEGUIDA DE MORTE;18:13;CIDADE NOVA;R CABUGI , PROX. PADARIA SUELEN E MERCADINHO POPULAR;MASCULINO;NEGRA;43;VIGILANTE;ENSINO MEDIO COMPLETO;ARMA DE FOGO;janeiro;12;sábado;ADULTO;18;VESPERTINO
LATROCINIO;13:38;CIDADE NOVA;R CAPITAO MOR GOUVEIA ;MASCULINO;PARDA;15;ESTUDANTE C;ENSINO MEDIO COMPLETO;ARMA DE FOGO;fevereiro;22;sexta-feira;ADOLESCENTE;14;VESPERTINO
HOMICIDIO;03:27;CIDADE NOVA;R DANTAS BARRETO Nº 520;MASCULINO;PARDA;13;ESTUDANTE C;ENSINO MEDIO COMPLETO;ARMA DE FOGO;março;10;domingo;ADOLESCENTE;3;MADRUGADA
HOMICIDIO;03:27;CIDADE NOVA;R JOAO PAULO II Nº 03;FEMININO;PARDA;43;CHEFE DE COZINHA;ENSINO MEDIO COMPLETO;ARMA DE FOGO;setembro;11;quarta-feira;ADULTO;3;MADRUGADA
LESAO CORPORAL SEGUIDA DE MORTE;13:38;CIDADE NOVA;R JOAO PAULO II Nº 03;MASCULINO;PARDA;16;ESTUDANTE C;ENSINO MEDIO COMPLETO;ARMA DE FOGO;setembro;12;quinta-feira;ADOLESCENTE;14;VESPERTINO
HOMICIDIO;NI;CIDADE NOVA;ENTRE A AV CENTRAL E PADRE CICERO - BAR DO GERALDO;MASCULINO;PARDA;20;NI;NI;ARMA DE FOGO;abril;25;quinta-feira;ADULTO;NI;NI
HOMICIDIO;05:30;CIDADE NOVA;NI;MASCULINO;PARDA;21;NI;NI;ARMA DE FOGO;dezembro;30;segunda-feira;ADULTO;6;MADRUGADA
HOMICIDIO;14:51;CIDADE NOVA;R DAS MARGARIDAS;MASCULINO;NEGRA;27;DESEMPREGADO;NI;ARMA DE FOGO;dezembro;15;domingo;ADULTO;15;VESPERTINO
LATROCINIO;21:39;CIDADE NOVA;R PASTOR JOSE FELINTO;MASCULINO;PARDA;26;DESEMPREGADO;NI;ARMA DE FOGO;fevereiro;18;segunda-feira;ADULTO;22;NOTURNO
HOMICIDIO;19:18;CIDADE NOVA;R PINHEIRO;MASCULINO;PARDA;29;NI;NI;ARMA DE FOGO;julho;28;domingo;ADULTO;19;NOTURNO
LESAO CORPORAL SEGUIDA DE MORTE;00:11;CIDADE NOVA;R CORTEZ PEREIRA Nº 733;MASCULINO;BRANCA;75;APOSENTADO(A);NI;ESPANCAMENTO;junho;15;sábado;IDOSO;0;NOTURNO
HOMICIDIO;19:29;DIX-SEPT ROSADO;ENTRE TV SAO VICENTE COM A TV SANTA FE ;FEMININO;NEGRA;24;DO LAR;ENSINO FUNDAMENTAL COMPLETO;ARMA DE FOGO;agosto;20;terça-feira;ADULTO;19;NOTURNO
LESAO CORPORAL SEGUIDA DE MORTE;20:14;DIX-SEPT ROSADO;R DOS CAICOS Nº 1936;MASCULINO;PARDA;33;PEDREIRO;ENSINO FUNDAMENTAL COMPLETO;ARMA DE FOGO;julho;24;quarta-feira;ADULTO;20;NOTURNO
HOMICIDIO;00:11;DIX-SEPT ROSADO;R DOS CAICOS Nº 1948;MASCULINO;PARDA;30;AUXILIAR DE CAPOTAGEM;ENSINO FUNDAMENTAL COMPLETO;ARMA DE FOGO;julho;20;sábado;ADULTO;0;NOTURNO
LESAO CORPORAL SEGUIDA DE MORTE;11:44;DIX-SEPT ROSADO;R FERNANDO GUILHERME;MASCULINO;PARDA;28;ASG;ENSINO FUNDAMENTAL COMPLETO;ARMA DE FOGO;dezembro;1;domingo;ADULTO;12;MATUTINO
HOMICIDIO;14:51;DIX-SEPT ROSADO;R SEVERINO SOARES;MASCULINO;PARDA;32;PEDREIRO;ENSINO FUNDAMENTAL COMPLETO;ARMA DE FOGO;novembro;24;domingo;ADULTO;15;VESPERTINO
HOMICIDIO;21:39;DIX-SEPT ROSADO;AV AMINTAS BARROS;MASCULINO;BRANCA;28;COMERCIANTE;ENSINO MEDIO COMPLETO;ARMA DE FOGO;junho;15;sábado;ADULTO;22;NOTURNO
LESAO CORPORAL SEGUIDA DE MORTE;14:51;DIX-SEPT ROSADO;HOSPITAL SANTA CATARINA;MASCULINO;NEGRA;19;ESTUDANTE C;ENSINO MEDIO COMPLETO;ARMA DE FOGO;maio;27;segunda-feira;ADULTO;15;VESPERTINO
HOMICIDIO;00:50;DIX-SEPT ROSADO;TV SAO FRANCISCO Nº 17;MASCULINO;NEGRA;20;MECANICO(A);ENSINO MEDIO COMPLETO;ARMA DE FOGO;junho;21;sexta-feira;ADULTO;1;NOTURNO
LESAO CORPORAL SEGUIDA DE MORTE;10:07;DIX-SEPT ROSADO;R PASTOR NELSO BEZERRIL Nº 1980;MASCULINO;PARDA;31;NI;NI;ARMA BRANCA;novembro;15;sexta-feira;ADULTO;10;MATUTINO
LATROCINIO;00:11;DIX-SEPT ROSADO;AV 09;MASCULINO;NEGRA;25;NI;NI;ARMA DE FOGO;março;2;sábado;ADULTO;0;NOTURNO
HOMICIDIO;23:09;DIX-SEPT ROSADO;AV AMINTAS BARROS;MASCULINO;NEGRA;28;NI;NI;ARMA DE FOGO;outubro;13;domingo;ADULTO;23;NOTURNO
HOMICIDIO;NI;DIX-SEPT ROSADO;AV AMINTAS BARROS;MASCULINO;NEGRA;46;NI;NI;ARMA DE FOGO;outubro;15;terça-feira;ADULTO;NI;NI
LESAO CORPORAL SEGUIDA DE MORTE;21:39;DIX-SEPT ROSADO;HOSPITAL SANTA CATARINA;MASCULINO;NEGRA;20;NI;NI;ARMA DE FOGO;maio;27;segunda-feira;ADULTO;22;NOTURNO
LESAO CORPORAL SEGUIDA DE MORTE;15:15;DIX-SEPT ROSADO;HOSPITAL SANTA CATARINA;MASCULINO;NEGRA;23;NI;NI;ARMA DE FOGO;maio;27;segunda-feira;ADULTO;15;VESPERTINO
HOMICIDIO;10:20;DIX-SEPT ROSADO;NI;MASCULINO;NEGRA;71;NI;NI;ARMA DE FOGO;janeiro;17;quinta-feira;IDOSO;10;MATUTINO
HOMICIDIO;14:25;DIX-SEPT ROSADO;R AMINTAS BARROS NA CALCADA DA RESIDENCIA Nº1829 ;MASCULINO;NEGRA;19;DESEMPREGADO;NI;ARMA DE FOGO;julho;25;quinta-feira;ADULTO;14;VESPERTINO
HOMICIDIO;14:51;DIX-SEPT ROSADO;R PROFESSORA JOSEFA BOTELHO;MASCULINO;PARDA;25;DESEMPREGADO;NI;ARMA DE FOGO;julho;23;terça-feira;ADULTO;15;VESPERTINO
HOMICIDIO;03:27;DIX-SEPT ROSADO;TV SEVERINO SOARES ,PROXIMO AO MERCADUNHO CRISTO REI;MASCULINO;PARDA;17;MENOR SEM OCUPACAO;NI;ARMA DE FOGO;agosto;6;terça-feira;ADOLESCENTE;3;MADRUGADA
HOMICIDIO;15:15;DIX-SEPT ROSADO;AV ANTONIO BASILIO;MASCULINO;NEGRA;55;POLICIAL MILITAR APOSENTADO;SUPERIOR;ARMA DE FOGO;março;10;domingo;ADULTO;15;VESPERTINO
HOMICIDIO;19:25;FELIPE CAMARÃO;R PEIXE AGULHA Nº191 ;MASCULINO;BRANCA;23;VENDEDOR AUTONOMO;ENSINO FUNDAMENTAL COMPLETO;ARMA BRANCA;setembro;5;quinta-feira;ADULTO;19;NOTURNO
HOMICIDIO;13:38;FELIPE CAMARÃO;ANTIGO LEPROSARIO;MASCULINO;NEGRA;17;ESTUDANTE B;ENSINO FUNDAMENTAL COMPLETO;ARMA DE FOGO;outubro;14;segunda-feira;ADOLESCENTE;14;VESPERTINO
HOMICIDIO;14:51;FELIPE CAMARÃO;AV RANIERE MAZILLE;MASCULINO;PARDA;35;VENDEDOR AUTONOMO;ENSINO FUNDAMENTAL COMPLETO;ARMA DE FOGO;fevereiro;13;quarta-feira;ADULTO;15;VESPERTINO
HOMICIDIO;11:44;FELIPE CAMARÃO;FAVELA DO FIO;MASCULINO;PARDA;20;SERVENTE DE OBRAS;ENSINO FUNDAMENTAL COMPLETO;ARMA DE FOGO;outubro;29;terça-feira;ADULTO;12;MATUTINO
LESAO CORPORAL SEGUIDA DE MORTE;00:11;FELIPE CAMARÃO;R CARLOS ALEXANDRE Nº 7;MASCULINO;PARDA;21;SERVENTE DE OBRAS;ENSINO FUNDAMENTAL COMPLETO;ARMA DE FOGO;abril;14;domingo;ADULTO;0;NOTURNO
HOMICIDIO;21:39;FELIPE CAMARÃO;R FERRO CARDOSO;MASCULINO;PARDA;18;PINTOR;ENSINO FUNDAMENTAL COMPLETO;ARMA DE FOGO;março;10;domingo;ADULTO;22;NOTURNO
HOMICIDIO;02:01;FELIPE CAMARÃO;R FRANCISCA CAMPOS Nº 35;MASCULINO;PARDA;17;SERVENTE DE OBRAS;ENSINO FUNDAMENTAL COMPLETO;ARMA DE FOGO;dezembro;25;quarta-feira;ADOLESCENTE;2;MADRUGADA
LESAO CORPORAL SEGUIDA DE MORTE;20:08;FELIPE CAMARÃO;R ITAMAR MACIEL ;MASCULINO;PARDA;37;PEDREIRO;ENSINO FUNDAMENTAL COMPLETO;ARMA DE FOGO;julho;27;sábado;ADULTO;20;NOTURNO
LATROCINIO;NI;FELIPE CAMARÃO;R PAI CELESTIAL;MASCULINO;PARDA;17;ESTUDANTE B;ENSINO FUNDAMENTAL COMPLETO;ARMA DE FOGO;fevereiro;26;terça-feira;ADOLESCENTE;NI;NI
LESAO CORPORAL SEGUIDA DE MORTE;18:41;FELIPE CAMARÃO;R PAZ CELESTIAL Nº 937;MASCULINO;PARDA;25;SERVENTE DE OBRAS;ENSINO FUNDAMENTAL COMPLETO;ARMA DE FOGO;março;26;terça-feira;ADULTO;19;NOTURNO
HOMICIDIO;20:14;FELIPE CAMARÃO;R PEDRINHO BEZERRA;MASCULINO;PARDA;58;CARROCEIRO;ENSINO FUNDAMENTAL COMPLETO;ARMA DE FOGO;junho;7;sexta-feira;ADULTO;20;NOTURNO
HOMICIDIO;14:51;FELIPE CAMARÃO;R PEIXE AGULHA Nº 60;MASCULINO;PARDA;19;SERVENTE DE OBRAS;ENSINO FUNDAMENTAL COMPLETO;ARMA DE FOGO;junho;17;segunda-feira;ADULTO;15;VESPERTINO
LESAO CORPORAL SEGUIDA DE MORTE;20:14;FELIPE CAMARÃO;R POTIGUACU Nº 431;MASCULINO;PARDA;29;PINTOR;ENSINO FUNDAMENTAL COMPLETO;ARMA DE FOGO;julho;14;domingo;ADULTO;20;NOTURNO
HOMICIDIO;03:27;FELIPE CAMARÃO;R SANTA HELENA ;MASCULINO;PARDA;23;ASG;ENSINO FUNDAMENTAL COMPLETO;ARMA DE FOGO;fevereiro;18;segunda-feira;ADULTO;3;MADRUGADA
LATROCINIO;14:51;FELIPE CAMARÃO;R SANTA HELENA ;MASCULINO;PARDA;21;SERVENTE DE OBRAS;ENSINO FUNDAMENTAL COMPLETO;ARMA DE FOGO;fevereiro;18;segunda-feira;ADULTO;15;VESPERTINO
HOMICIDIO;19:54;FELIPE CAMARÃO;R SAO SEBASTIAO;MASCULINO;PARDA;29;PEDREIRO;ENSINO FUNDAMENTAL COMPLETO;ARMA DE FOGO;setembro;12;quinta-feira;ADULTO;20;NOTURNO
HOMICIDIO;00:11;FELIPE CAMARÃO;TV DA FE ;MASCULINO;PARDA;29;VENDEDOR AUTONOMO;ENSINO FUNDAMENTAL COMPLETO;ARMA DE FOGO;abril;22;segunda-feira;ADULTO;0;NOTURNO
LESAO CORPORAL SEGUIDA DE MORTE;14:51;FELIPE CAMARÃO;R PEDINHO BEZERRA Nº 157;MASCULINO;PARDA;51;MOTORISTA;ENSINO MEDIO COMPLETO;ARMA BRANCA;setembro;10;terça-feira;ADULTO;15;VESPERTINO
HOMICIDIO;00:11;FELIPE CAMARÃO;R DO FIO Nº 220;MASCULINO;PARDA;38;SERIGRAFICO;ENSINO MEDIO COMPLETO;ARMA DE FOGO;setembro;17;terça-feira;ADULTO;0;NOTURNO
HOMICIDIO;22:20;FELIPE CAMARÃO;R DO MEIO;MASCULINO;BRANCA;26;RELOJOEIRO;ENSINO MEDIO COMPLETO;ARMA DE FOGO;janeiro;16;quarta-feira;ADULTO;22;NOTURNO
LESAO CORPORAL SEGUIDA DE MORTE;12:29;FELIPE CAMARÃO;R JOAQUIM DE CASTRO;MASCULINO;BRANCA;16;ESTUDANTE C;ENSINO MEDIO COMPLETO;ARMA DE FOGO;maio;23;quinta-feira;ADOLESCENTE;12;MATUTINO
HOMICIDIO;21:39;FELIPE CAMARÃO;R MAR E CEU;MASCULINO;BRANCA;22;PORTEIRO;ENSINO MEDIO COMPLETO;ARMA DE FOGO;novembro;3;domingo;ADULTO;22;NOTURNO
HOMICIDIO;13:38;FELIPE CAMARÃO;R OESTE , PROX A LINHA FERREA;MASCULINO;PARDA;55;VIGILANTE;ENSINO MEDIO COMPLETO;ARMA DE FOGO;novembro;5;terça-feira;ADULTO;14;VESPERTINO
LATROCINIO;21:35;FELIPE CAMARÃO;R PAI CELESTIAL;MASCULINO;PARDA;27;SEGURANCA;ENSINO MEDIO COMPLETO;ARMA DE FOGO;fevereiro;26;terça-feira;ADULTO;22;NOTURNO
HOMICIDIO;21:39;FELIPE CAMARÃO;R PASTOR JOSINO GALVAO BAIANO;MASCULINO;BRANCA;22;COMERCIANTE;ENSINO MEDIO COMPLETO;ARMA DE FOGO;maio;20;segunda-feira;ADULTO;22;NOTURNO
HOMICIDIO;14:25;FELIPE CAMARÃO;R SAO BERNARDO Nº 59;FEMININO;PARDA;21;VENDEDOR DE LOJA;ENSINO MEDIO COMPLETO;ARMA DE FOGO;março;8;sexta-feira;ADULTO;14;VESPERTINO
LESAO CORPORAL SEGUIDA DE MORTE;NI;FELIPE CAMARÃO;TV SAO VICENTE Nº 36;MASCULINO;PARDA;30;COMERCIANTE;ENSINO MEDIO COMPLETO;ARMA DE FOGO;junho;20;quinta-feira;ADULTO;NI;NI
HOMICIDIO;22:00;FELIPE CAMARÃO;R JOSE VICENTE ;MASCULINO;PARDA;19;NI;NI;ARMA BRANCA;agosto;24;sábado;ADULTO;22;NOTURNO
HOMICIDIO;20:14;FELIPE CAMARÃO;R SABERE ,CJ PRAIA MAR;MASCULINO;PARDA;37;NI;NI;ARMA BRANCA;outubro;30;quarta-feira;ADULTO;20;NOTURNO
HOMICIDIO;17:04;FELIPE CAMARÃO;AV SANTA CRISTINA;FEMININO;PARDA;28;NI;NI;ARMA DE FOGO;fevereiro;16;sábado;ADULTO;17;VESPERTINO
HOMICIDIO;17:04;FELIPE CAMARÃO;NI;MASCULINO;BRANCA;19;NI;NI;ARMA DE FOGO;abril;3;quarta-feira;ADULTO;17;VESPERTINO
HOMICIDIO;21:22;FELIPE CAMARÃO;NI;MASCULINO;PARDA;19;NI;NI;ARMA DE FOGO;abril;11;quinta-feira;ADULTO;21;NOTURNO
HOMICIDIO;00:11;FELIPE CAMARÃO;NI;MASCULINO;PARDA;22;NI;NI;ARMA DE FOGO;novembro;22;sexta-feira;ADULTO;0;NOTURNO
HOMICIDIO;18:13;FELIPE CAMARÃO;R CARPA;MASCULINO;PARDA;30;NI;NI;ARMA DE FOGO;maio;4;sábado;ADULTO;18;VESPERTINO
HOMICIDIO;11:44;FELIPE CAMARÃO;R DA FE ;MASCULINO;PARDA;18;DESEMPREGADO;NI;ARMA DE FOGO;agosto;1;quinta-feira;ADULTO;12;MATUTINO
HOMICIDIO;14:51;FELIPE CAMARÃO;R ESTRELA DO MAR;MASCULINO;NEGRA;25;NI;NI;ARMA DE FOGO;maio;5;domingo;ADULTO;15;VESPERTINO
HOMICIDIO;14:51;FELIPE CAMARÃO;R INDOMAR;MASCULINO;PARDA;38;NI;NI;ARMA DE FOGO;setembro;17;terça-feira;ADULTO;15;VESPERTINO
HOMICIDIO;21:22;FELIPE CAMARÃO;R JOSE COSTA Nº 47 ;MASCULINO;PARDA;21;DESOCUPADO(A);NI;ARMA DE FOGO;junho;2;domingo;ADULTO;21;NOTURNO
HOMICIDIO;03:27;FELIPE CAMARÃO;"R MIRAI , EM FRENTE A Nº 24""A""";FEMININO;BRANCA;17;MENOR SEM OCUPACAO;NI;ARMA DE FOGO;fevereiro;10;domingo;ADOLESCENTE;3;MADRUGADA
HOMICIDIO;05:30;FELIPE CAMARÃO;R NOSSA SENHORA DO ROSARIO Nº 465;MASCULINO;PARDA;27;NI;NI;ARMA DE FOGO;novembro;12;terça-feira;ADULTO;6;MADRUGADA
HOMICIDIO;21:39;FELIPE CAMARÃO;R SANTA CRISTINA;MASCULINO;PARDA;17;MENOR SEM OCUPACAO;NI;ARMA DE FOGO;novembro;11;segunda-feira;ADOLESCENTE;22;NOTURNO
HOMICIDIO;14:51;FELIPE CAMARÃO;R SANTA CRISTINA ;MASCULINO;PARDA;15;MENOR SEM OCUPACAO;NI;ARMA DE FOGO;junho;22;sábado;ADOLESCENTE;15;VESPERTINO
HOMICIDIO;13:38;FELIPE CAMARÃO;R SANTA HELENA;MASCULINO;PARDA;24;DESEMPREGADO;NI;ARMA DE FOGO;maio;18;sábado;ADULTO;14;VESPERTINO
LATROCINIO;06:30;FELIPE CAMARÃO;R SANTA HELENA ;MASCULINO;PARDA;26;NI;NI;ARMA DE FOGO;fevereiro;18;segunda-feira;ADULTO;7;MATUTINO
HOMICIDIO;NI;FELIPE CAMARÃO;R SANTA HELENA ,PROX. AO COLEGIO ENEC;MASCULINO;BRANCA;25;DESEMPREGADO;NI;ARMA DE FOGO;dezembro;4;quarta-feira;ADULTO;NI;NI
HOMICIDIO;20:43;FELIPE CAMARÃO;R SANTA HELENA Nº 417;FEMININO;BRANCA;21;NI;NI;ARMA DE FOGO;março;29;sexta-feira;ADULTO;21;NOTURNO
HOMICIDIO;20:14;FELIPE CAMARÃO;R SANTA HELENA Nº 417;MASCULINO;BRANCA;17;MENOR SEM OCUPACAO;NI;ARMA DE FOGO;março;29;sexta-feira;ADOLESCENTE;20;NOTURNO
HOMICIDIO;17:01;FELIPE CAMARÃO;R SAO BERNARDO Nº 59;FEMININO;PARDA;16;MENOR SEM OCUPACAO;NI;ARMA DE FOGO;março;8;sexta-feira;ADOLESCENTE;17;VESPERTINO
HOMICIDIO;14:51;FELIPE CAMARÃO;R SAO DOMINGOS E PEDRINHO BEZERRA;MASCULINO;PARDA;16;MENOR SEM OCUPACAO;NI;ARMA DE FOGO;outubro;26;sábado;ADOLESCENTE;15;VESPERTINO
HOMICIDIO;15:15;FELIPE CAMARÃO;R TAMARINEIRA - CALCADA 14 DP NUMA KOMBI;MASCULINO;PARDA;16;MENOR SEM OCUPACAO;NI;ARMA DE FOGO;novembro;17;domingo;ADOLESCENTE;15;VESPERTINO
HOMICIDIO;14:51;FELIPE CAMARÃO;R TRAIRI Nº 245;MASCULINO;NEGRA;24;DESEMPREGADO;NI;ARMA DE FOGO;junho;2;domingo;ADULTO;15;VESPERTINO
LATROCINIO;22:55;FELIPE CAMARÃO;TV BAIA BRANCA Nº 870;MASCULINO;BRANCA;40;NI;NI;ARMA DE FOGO;agosto;6;terça-feira;ADULTO;23;NOTURNO
HOMICIDIO;20:36;FELIPE CAMARÃO;TV MAR E CEU;MASCULINO;BRANCA;30;NI;NI;ARMA DE FOGO;fevereiro;16;sábado;ADULTO;21;NOTURNO
LATROCINIO;NI;FELIPE CAMARÃO;TV PAI CELESTIAL Nº 211;MASCULINO;PARDA;19;NI;NI;ARMA DE FOGO;março;3;domingo;ADULTO;NI;NI
HOMICIDIO;21:39;FELIPE CAMARÃO;TV SAO VICENTE ;MASCULINO;BRANCA;25;NI;NI;ARMA DE FOGO;novembro;3;domingo;ADULTO;22;NOTURNO
LESAO CORPORAL SEGUIDA DE MORTE;20:36;GUARAPES;AST NATALHA;MASCULINO;PARDA;18;ENTREGADOR;ENSINO FUNDAMENTAL COMPLETO;ARMA DE FOGO;abril;18;quinta-feira;ADULTO;21;NOTURNO
HOMICIDIO;21:11;GUARAPES;GRANJA DA PONTE , S/N;MASCULINO;PARDA;65;AGRICULTOR(A);ENSINO FUNDAMENTAL COMPLETO;ARMA DE FOGO;outubro;27;domingo;IDOSO;21;NOTURNO
HOMICIDIO;NI;GUARAPES;R DAS ROCAS Nº 700;MASCULINO;PARDA;24;AUTONOMO(A);ENSINO FUNDAMENTAL COMPLETO;ARMA DE FOGO;dezembro;25;quarta-feira;ADULTO;NI;NI
HOMICIDIO;13:38;GUARAPES;R DAS VITORIAS , CONJUNTO DINARTE MARIZ ;MASCULINO;PARDA;16;ESTUDANTE B;ENSINO FUNDAMENTAL COMPLETO;ARMA DE FOGO;fevereiro;10;domingo;ADOLESCENTE;14;VESPERTINO
LATROCINIO;20:14;GUARAPES;R NOSSA SENHORA DA APRESENTACAO;MASCULINO;PARDA;21;ESTUDANTE C;ENSINO MEDIO COMPLETO;ARMA DE FOGO;fevereiro;18;segunda-feira;ADULTO;20;NOTURNO
HOMICIDIO;03:27;GUARAPES;R SANTA QUITERIA, EM FRENTE AO Nº 352;MASCULINO;NEGRA;32;ENCANADOR;ENSINO MEDIO COMPLETO;ARMA DE FOGO;maio;30;quinta-feira;ADULTO;3;MADRUGADA
LESAO CORPORAL SEGUIDA DE MORTE;14:51;GUARAPES;R DA RIBEIRA Nº 27;MASCULINO;PARDA;25;NI;NI;ARMA BRANCA;outubro;29;terça-feira;ADULTO;15;VESPERTINO
HOMICIDIO;21:31;GUARAPES;R DESUIT ROSADO, Nº 3580;MASCULINO;NEGRA;35;NI;NI;ARMA BRANCA;maio;11;sábado;ADULTO;22;NOTURNO
HOMICIDIO;14:25;GUARAPES;CAMPO DO INFERNINHO;MASCULINO;NEGRA;19;NI;NI;ARMA DE FOGO;fevereiro;8;sexta-feira;ADULTO;14;VESPERTINO
HOMICIDIO;11:44;GUARAPES;R BELA VISTA Nº 114;MASCULINO;PARDA;28;DESEMPREGADO;NI;ARMA DE FOGO;abril;17;quarta-feira;ADULTO;12;MATUTINO
HOMICIDIO;00:11;GUARAPES;R CANDELARIA  Nº 706;MASCULINO;PARDA;37;DESEMPREGADO;NI;ARMA DE FOGO;setembro;17;terça-feira;ADULTO;0;NOTURNO
HOMICIDIO;21:39;GUARAPES;R CANDELARIA Nº 706;MASCULINO;NEGRA;37;DESEMPREGADO;NI;ARMA DE FOGO;setembro;18;quarta-feira;ADULTO;22;NOTURNO
HOMICIDIO;21:39;GUARAPES;R COLIBRI;MASCULINO;NEGRA;19;NI;NI;ARMA DE FOGO;março;9;sábado;ADULTO;22;NOTURNO
HOMICIDIO;15:15;GUARAPES;R DAS VITORIAS , CONJUNTO DINARTE MARIZ ;MASCULINO;PARDA;19;DESEMPREGADO;NI;ARMA DE FOGO;fevereiro;10;domingo;ADULTO;15;VESPERTINO
HOMICIDIO;21:39;GUARAPES;R JARDIM BOTANICO;MASCULINO;NEGRA;20;NI;NI;ARMA DE FOGO;novembro;25;segunda-feira;ADULTO;22;NOTURNO
HOMICIDIO;NI;GUARAPES;R NOSSA SENHORA DA PAZ, Nº 45;MASCULINO;NEGRA;22;NI;NI;ARMA DE FOGO;maio;23;quinta-feira;ADULTO;NI;NI
HOMICIDIO;15:15;IGAPÓ;AV DAS FRONTEIRAS;MASCULINO;NEGRA;36;AUTONOMO(A);ENSINO FUNDAMENTAL COMPLETO;ARMA DE FOGO;novembro;7;quinta-feira;ADULTO;15;VESPERTINO
HOMICIDIO;14:51;IGAPÓ;R BELA VISTA;MASCULINO;PARDA;24;VENDEDOR AUTONOMO;ENSINO FUNDAMENTAL COMPLETO;ARMA DE FOGO;janeiro;12;sábado;ADULTO;15;VESPERTINO
LATROCINIO;NI;IGAPÓ;R NOSSA SENHORA DO O;MASCULINO;NEGRA;33;PEDREIRO;ENSINO FUNDAMENTAL COMPLETO;ARMA DE FOGO;setembro;16;segunda-feira;ADULTO;NI;NI
HOMICIDIO;NI;IGAPÓ;AV SIQUEIRA CAMPOS;MASCULINO;PARDA;22;ESTUDANTE C;ENSINO MEDIO COMPLETO;ARMA DE FOGO;dezembro;18;quarta-feira;ADULTO;NI;NI
HOMICIDIO;19:54;IGAPÓ;AV TOMAZ LANDIM;MASCULINO;PARDA;18;ESTUDANTE C;ENSINO MEDIO COMPLETO;ARMA DE FOGO;março;31;domingo;ADULTO;20;NOTURNO
LESAO CORPORAL SEGUIDA DE MORTE;13:38;IGAPÓ;IGNORADO ;MASCULINO;NEGRA;52;VENDEDOR DE LOJA;ENSINO MEDIO COMPLETO;ARMA DE FOGO;abril;6;sábado;ADULTO;14;VESPERTINO
HOMICIDIO;20:14;IGAPÓ;R JOAO RODRIGUES DA SILVA;MASCULINO;NEGRA;15;ESTUDANTE C;ENSINO MEDIO COMPLETO;ARMA DE FOGO;novembro;23;sábado;ADOLESCENTE;20;NOTURNO
HOMICIDIO;17:04;IGAPÓ;R SANTA LUZIA ,VILA PARAISO;MASCULINO;PARDA;40;COMERCIANTE;ENSINO MEDIO COMPLETO;ARMA DE FOGO;junho;9;domingo;ADULTO;17;VESPERTINO
HOMICIDIO;19:54;IGAPÓ;R SAO LUIZ ;MASCULINO;NEGRA;15;ESTUDANTE C;ENSINO MEDIO COMPLETO;ARMA DE FOGO;setembro;30;segunda-feira;ADOLESCENTE;20;NOTURNO
HOMICIDIO;22:20;IGAPÓ;R SIQUEIRA CAMPOS ;MASCULINO;PARDA;26;MONTADOR DE MOVEIS;ENSINO MEDIO COMPLETO;ARMA DE FOGO;setembro;2;segunda-feira;ADULTO;22;NOTURNO
LESAO CORPORAL SEGUIDA DE MORTE;13:59;IGAPÓ;COMUNIDADE BEIRA RIO;MASCULINO;BRANCA;22;DESEMPREGADO;NI;ARMA DE FOGO;setembro;9;segunda-feira;ADULTO;14;VESPERTINO
HOMICIDIO;13:38;IGAPÓ;COMUNIDADE BEIRA RIO;MASCULINO;PARDA;25;DESEMPREGADO;NI;ARMA DE FOGO;junho;13;quinta-feira;ADULTO;14;VESPERTINO
HOMICIDIO;14:51;IGAPÓ;R HENRIQUE DIAS ;MASCULINO;NEGRA;33;NI;NI;ARMA DE FOGO;outubro;13;domingo;ADULTO;15;VESPERTINO
HOMICIDIO;22:55;IGAPÓ;R JOAO RODRIGUES DA SILVA;MASCULINO;NEGRA;20;NI;NI;ARMA DE FOGO;novembro;23;sábado;ADULTO;23;NOTURNO
HOMICIDIO;21:39;IGAPÓ;R JOAO RODRIGUES DA SILVA;MASCULINO;NEGRA;21;DESEMPREGADO;NI;ARMA DE FOGO;novembro;23;sábado;ADULTO;22;NOTURNO
LESAO CORPORAL SEGUIDA DE MORTE;15:15;IGAPÓ;R MARCILIO DIAS;MASCULINO;PARDA;27;NI;NI;ARMA DE FOGO;dezembro;20;sexta-feira;ADULTO;15;VESPERTINO
LESAO CORPORAL SEGUIDA DE MORTE;14:51;IGAPÓ;R SANTA LUZIA;MASCULINO;PARDA;40;DESEMPREGADO;NI;ARMA DE FOGO;junho;15;sábado;ADULTO;15;VESPERTINO
HOMICIDIO;13:59;IGAPÓ;R SEBASTIAO GONCALVES S/N;MASCULINO;PARDA;25;NI;NI;ARMA DE FOGO;outubro;6;domingo;ADULTO;14;VESPERTINO
HOMICIDIO;NI;IGAPÓ;R SIQUEIRA CAMPOS;MASCULINO;NEGRA;34;DESEMPREGADO;NI;ARMA DE FOGO;abril;30;terça-feira;ADULTO;NI;NI
HOMICIDIO;15:15;IGAPÓ;TV SANTA LUZIA;MASCULINO;PARDA;25;DESOCUPADO(A);NI;ARMA DE FOGO;janeiro;21;segunda-feira;ADULTO;15;VESPERTINO
HOMICIDIO;21:39;LAGOA AZUL;TV TARCISIO RIBEIRO, LOT. ALIANCA;MASCULINO;NEGRA;17;ESTUDANTE B;ENSINO FUNDAMENTAL COMPLETO;ARMA BRANCA;setembro;4;quarta-feira;ADOLESCENTE;22;NOTURNO
HOMICIDIO;21:35;LAGOA AZUL;AV CIDADE PRAIA ;MASCULINO;PARDA;34;VENDEDOR AUTONOMO;ENSINO FUNDAMENTAL COMPLETO;ARMA DE FOGO;fevereiro;24;domingo;ADULTO;22;NOTURNO
LESAO CORPORAL SEGUIDA DE MORTE;21:39;LAGOA AZUL;POR TRAS DO CAMPO DO COLEGIO ELIZEBETE AMADUS/MIRIAN ;MASCULINO;PARDA;25;VENDEDOR AUTONOMO;ENSINO FUNDAMENTAL COMPLETO;ARMA DE FOGO;julho;28;domingo;ADULTO;22;NOTURNO
HOMICIDIO;10:07;LAGOA AZUL;PRACA GUARUJA;MASCULINO;BRANCA;17;ESTUDANTE B;ENSINO FUNDAMENTAL COMPLETO;ARMA DE FOGO;janeiro;3;quinta-feira;ADOLESCENTE;10;MATUTINO
HOMICIDIO;14:51;LAGOA AZUL;R BELA VISTA Nº 342;MASCULINO;BRANCA;17;ESTUDANTE B;ENSINO FUNDAMENTAL COMPLETO;ARMA DE FOGO;abril;3;quarta-feira;ADOLESCENTE;15;VESPERTINO
LESAO CORPORAL SEGUIDA DE MORTE;15:15;LAGOA AZUL;R CENTRO DA LAGOA;MASCULINO;PARDA;17;ESTUDANTE B;ENSINO FUNDAMENTAL COMPLETO;ARMA DE FOGO;outubro;11;sexta-feira;ADOLESCENTE;15;VESPERTINO
HOMICIDIO;21:39;LAGOA AZUL;R DAS MANICOBAS Nº 3192;MASCULINO;PARDA;21;SERVENTE DE OBRAS;ENSINO FUNDAMENTAL COMPLETO;ARMA DE FOGO;dezembro;21;sábado;ADULTO;22;NOTURNO
HOMICIDIO;10:07;LAGOA AZUL;R MARANATA , LOT. CAMARA CASCUDO;MASCULINO;BRANCA;19;SERVENTE DE OBRAS;ENSINO FUNDAMENTAL COMPLETO;ARMA DE FOGO;janeiro;25;sexta-feira;ADULTO;10;MATUTINO
HOMICIDIO;NI;LAGOA AZUL;R MARANATA , LOT. CAMARA CASCUDO;MASCULINO;PARDA;24;SERVENTE DE OBRAS;ENSINO FUNDAMENTAL COMPLETO;ARMA DE FOGO;janeiro;25;sexta-feira;ADULTO;NI;NI
HOMICIDIO;15:23;LAGOA AZUL;R PILOTO CARLOS DELPRET , EM FRENTE A ASSEMBLEIA DE DEUS;MASCULINO;PARDA;37;PEDREIRO;ENSINO FUNDAMENTAL COMPLETO;ARMA DE FOGO;junho;19;quarta-feira;ADULTO;15;VESPERTINO
HOMICIDIO;19:54;LAGOA AZUL;R PORTAL DO NORTE;MASCULINO;PARDA;37;PINTOR;ENSINO FUNDAMENTAL COMPLETO;ARMA DE FOGO;julho;30;terça-feira;ADULTO;20;NOTURNO
HOMICIDIO;20:08;LAGOA AZUL;R SAO VICENTE ,EM FRENTE Nº 69 COQUEIROS;MASCULINO;PARDA;29;SUCATEIRO;ENSINO FUNDAMENTAL COMPLETO;ARMA DE FOGO;fevereiro;11;segunda-feira;ADULTO;20;NOTURNO
HOMICIDIO;11:44;LAGOA AZUL;R TRES LAGOAS;MASCULINO;PARDA;21;SERVENTE DE OBRAS;ENSINO FUNDAMENTAL COMPLETO;ARMA DE FOGO;novembro;29;sexta-feira;ADULTO;12;MATUTINO
LESAO CORPORAL SEGUIDA DE MORTE;21:39;LAGOA AZUL;R VERIADOR SERGIO DIEB;MASCULINO;PARDA;17;ESTUDANTE B;ENSINO FUNDAMENTAL COMPLETO;ARMA DE FOGO;novembro;23;sábado;ADOLESCENTE;22;NOTURNO
HOMICIDIO;13:59;LAGOA AZUL;TV PERITO JOSE LOURENCO E ANTONIO BASILIO;MASCULINO;PARDA;27;VENDEDOR AUTONOMO;ENSINO FUNDAMENTAL COMPLETO;ARMA DE FOGO;setembro;15;domingo;ADULTO;14;VESPERTINO
HOMICIDIO;NI;LAGOA AZUL;R LUIS GALDINO DE FRANCA;MASCULINO;BRANCA;74;AGRICULTOR(A);ENSINO FUNDAMENTAL COMPLETO;OBJETO CONTUNDENTE;junho;21;sexta-feira;IDOSO;NI;NI
HOMICIDIO;21:39;LAGOA AZUL;AV GUARARAPES;MASCULINO;PARDA;16;ESTUDANTE C;ENSINO MEDIO COMPLETO;ARMA BRANCA;novembro;24;domingo;ADOLESCENTE;22;NOTURNO
LESAO CORPORAL SEGUIDA DE MORTE;13:05;LAGOA AZUL;AV APUCARANA;MASCULINO;PARDA;18;MONTADOR DE MOVEIS;ENSINO MEDIO COMPLETO;ARMA DE FOGO;novembro;15;sexta-feira;ADULTO;13;VESPERTINO
LESAO CORPORAL SEGUIDA DE MORTE;19:54;LAGOA AZUL;ENTRE MIGUEL CASTRO E ROMUALDO GALVAO;MASCULINO;PARDA;35;TAXISTA;ENSINO MEDIO COMPLETO;ARMA DE FOGO;novembro;23;sábado;ADULTO;20;NOTURNO
LESAO CORPORAL SEGUIDA DE MORTE;NI;LAGOA AZUL;ENTRE R CENTRAL DA LAGOA E SAO RAFAEL;MASCULINO;PARDA;31;BARMEN;ENSINO MEDIO COMPLETO;ARMA DE FOGO;agosto;17;sábado;ADULTO;NI;NI
HOMICIDIO;20:43;LAGOA AZUL;ESTRADA CARROCAVEL;MASCULINO;PARDA;31;VIGILANTE;ENSINO MEDIO COMPLETO;ARMA DE FOGO;junho;18;terça-feira;ADULTO;21;NOTURNO
LESAO CORPORAL SEGUIDA DE MORTE;21:39;LAGOA AZUL;NA LAGOA DE JOSE SARNEY -PROXIMO AO POSTO DE GASOLINA;MASCULINO;BRANCA;29;MECANICO ENCANADOR;ENSINO MEDIO COMPLETO;ARMA DE FOGO;fevereiro;10;domingo;ADULTO;22;NOTURNO
LESAO CORPORAL SEGUIDA DE MORTE;19:54;LAGOA AZUL;PROX. A ANTIGA GARAGEM DA RIO GRANDENSE;MASCULINO;BRANCA;16;ESTUDANTE C;ENSINO MEDIO COMPLETO;ARMA DE FOGO;setembro;30;segunda-feira;ADOLESCENTE;20;NOTURNO
LESAO CORPORAL SEGUIDA DE MORTE;00:11;LAGOA AZUL;R AMELIA CRISTINA - BAR DO JOSE;MASCULINO;NEGRA;24;BALCONISTA;ENSINO MEDIO COMPLETO;ARMA DE FOGO;novembro;10;domingo;ADULTO;0;NOTURNO
HOMICIDIO;13:38;LAGOA AZUL;R APOSTOLO PEDRO Nº 112;MASCULINO;PARDA;14;ESTUDANTE C;ENSINO MEDIO COMPLETO;ARMA DE FOGO;abril;22;segunda-feira;ADOLESCENTE;14;VESPERTINO
HOMICIDIO;13:38;LAGOA AZUL;R BELA VISTA Nº 437 , LOT. JOSE SARNEY;MASCULINO;PARDA;23;PADEIRO;ENSINO MEDIO COMPLETO;ARMA DE FOGO;janeiro;16;quarta-feira;ADULTO;14;VESPERTINO
LESAO CORPORAL SEGUIDA DE MORTE;02:30;LAGOA AZUL;R DAS BROMELIAS;MASCULINO;PARDA;22;PADEIRO;ENSINO MEDIO COMPLETO;ARMA DE FOGO;maio;12;domingo;ADULTO;3;MADRUGADA
HOMICIDIO;NI;LAGOA AZUL;R DEPUTADO CLOVIS MOTA, EM FRENTE AO BAR ARENA BRASIL;MASCULINO;PARDA;26;ESTUDANTE C;ENSINO MEDIO COMPLETO;ARMA DE FOGO;julho;7;domingo;ADULTO;NI;NI
HOMICIDIO;NI;LAGOA AZUL;R MARANATA , LOT. CAMARA CASCUDO;MASCULINO;PARDA;14;ESTUDANTE C;ENSINO MEDIO COMPLETO;ARMA DE FOGO;janeiro;25;sexta-feira;ADOLESCENTE;NI;NI
LESAO CORPORAL SEGUIDA DE MORTE;14:25;LAGOA AZUL;R NOVO GRAMADO Nº 299;MASCULINO;BRANCA;21;MUSICO;ENSINO MEDIO COMPLETO;ARMA DE FOGO;setembro;20;sexta-feira;ADULTO;14;VESPERTINO
HOMICIDIO;11:44;LAGOA AZUL;R SAO GERALDO Nº 572;MASCULINO;BRANCA;16;ESTUDANTE C;ENSINO MEDIO COMPLETO;ARMA DE FOGO;setembro;7;sábado;ADOLESCENTE;12;MATUTINO
HOMICIDIO;13:05;LAGOA AZUL;R VALE DO SOL;MASCULINO;PARDA;49;MARCENEIRO;ENSINO MEDIO COMPLETO;ARMA DE FOGO;dezembro;20;sexta-feira;ADULTO;13;VESPERTINO
LESAO CORPORAL SEGUIDA DE MORTE;13:59;LAGOA AZUL;VIA PUBLICA;MASCULINO;BRANCA;35;CHAVEIRO;ENSINO MEDIO COMPLETO;ARMA DE FOGO;julho;6;sábado;ADULTO;14;VESPERTINO
LESAO CORPORAL SEGUIDA DE MORTE;00:11;LAGOA AZUL;VIA PUBLICA;MASCULINO;BRANCA;27;MOTORISTA;ENSINO MEDIO COMPLETO;ARMA DE FOGO;agosto;2;sexta-feira;ADULTO;0;NOTURNO
HOMICIDIO;11:44;LAGOA AZUL;AV NILO JALES;MASCULINO;BRANCA;33;NI;NI;ARMA BRANCA;dezembro;7;sábado;ADULTO;12;MATUTINO
HOMICIDIO;20:36;LAGOA AZUL;R CECILIO DO NASCIMENTO;MASCULINO;PARDA;52;NI;NI;ARMA BRANCA;maio;21;terça-feira;ADULTO;21;NOTURNO
HOMICIDIO;21:39;LAGOA AZUL;AV RIO DOCE;MASCULINO;BRANCA;34;NI;NI;ARMA DE FOGO;novembro;5;terça-feira;ADULTO;22;NOTURNO
HOMICIDIO;13:59;LAGOA AZUL;R ANTONIO FAUSTO DE OLIVEIRA Nº 181;MASCULINO;PARDA;20;NI;NI;ARMA DE FOGO;dezembro;24;terça-feira;ADULTO;14;VESPERTINO
HOMICIDIO;13:38;LAGOA AZUL;R APOSTOLO PEDRO, Nº 43;MASCULINO;PARDA;20;DESEMPREGADO;NI;ARMA DE FOGO;maio;18;sábado;ADULTO;14;VESPERTINO
HOMICIDIO;22:55;LAGOA AZUL;R APOSTOLO TOME - LOTEAMENTO NOVA JERUZALEM Nº 148;MASCULINO;NEGRA;33;NI;NI;ARMA DE FOGO;agosto;5;segunda-feira;ADULTO;23;NOTURNO
HOMICIDIO;16:45;LAGOA AZUL;R BELA VISTA Nº 18 - SARA MOTO PECAS;MASCULINO;PARDA;21;NI;NI;ARMA DE FOGO;agosto;24;sábado;ADULTO;17;VESPERTINO
HOMICIDIO;14:32;LAGOA AZUL;R CECILIO DO NASCIMENTO;MASCULINO;PARDA;24;NI;NI;ARMA DE FOGO;maio;21;terça-feira;ADULTO;15;VESPERTINO
HOMICIDIO;20:17;LAGOA AZUL;R MARIA MACEDO;MASCULINO;PARDA;23;NI;NI;ARMA DE FOGO;fevereiro;9;sábado;ADULTO;20;NOTURNO
HOMICIDIO;20:42;LAGOA AZUL;R MARIA MACEDO;MASCULINO;PARDA;24;NI;NI;ARMA DE FOGO;fevereiro;9;sábado;ADULTO;21;NOTURNO
LATROCINIO;13:05;LAGOA AZUL;R MINISTRO MACEDO SOARES;MASCULINO;PARDA;73;APOSENTADO(A);NI;ARMA DE FOGO;agosto;2;sexta-feira;IDOSO;13;VESPERTINO
LESAO CORPORAL SEGUIDA DE MORTE;13:38;LAGOA AZUL;NI;MASCULINO;BRANCA;50;NI;NI;ESPANCAMENTO;novembro;28;quinta-feira;ADULTO;14;VESPERTINO
HOMICIDIO;20:39;LAGOA AZUL;NI;MASCULINO;PARDA;24;NI;NI;NAO IDENTIFICADO;novembro;16;sábado;ADULTO;21;NOTURNO
HOMICIDIO;03:27;LAGOA AZUL;ENCONTRADO NUM MATAGAL;MASCULINO;BRANCA;28;DESEMPREGADO;NI;OBJETO CONTUNDENTE;outubro;15;terça-feira;ADULTO;3;MADRUGADA
HOMICIDIO;11:44;LAGOA AZUL;R AURIS COELHO 970 BLOCO APT 301 ED. DOM ANTONIO ;MASCULINO;PARDA;16;MENOR SEM OCUPACAO;NI;OBJETO CONTUNDENTE;fevereiro;9;sábado;ADOLESCENTE;12;MATUTINO
LESAO CORPORAL SEGUIDA DE MORTE;20:02;LAGOA AZUL;AV SAO JOSE, EM FRENTE A PROMATER;MASCULINO;PARDA;60;EMPRESARIO(A);SUPERIOR;ARMA DE FOGO;junho;21;sexta-feira;IDOSO;20;NOTURNO
HOMICIDIO;21:39;LAGOA NOVA;TV SAO CRISTOVAO;MASCULINO;NEGRA;38;PEDREIRO;ENSINO FUNDAMENTAL COMPLETO;ARMA DE FOGO;junho;4;terça-feira;ADULTO;22;NOTURNO
LESAO CORPORAL SEGUIDA DE MORTE;19:54;MÃE LUÍZA;R GUANABARA;MASCULINO;PARDA;44;SERVENTE DE OBRAS;ENSINO FUNDAMENTAL COMPLETO;ARMA BRANCA;outubro;12;sábado;ADULTO;20;NOTURNO
HOMICIDIO;13:38;MÃE LUÍZA;ENCONTRADO NUMA MATA ATRAS DO POSTO POLICIAL ;MASCULINO;PARDA;49;ENCARREGADO;ENSINO FUNDAMENTAL COMPLETO;ARMA DE FOGO;dezembro;24;terça-feira;ADULTO;14;VESPERTINO
HOMICIDIO;11:44;MÃE LUÍZA;R ANTONIO PINTO;MASCULINO;PARDA;39;ASG;ENSINO FUNDAMENTAL COMPLETO;ARMA DE FOGO;março;7;quinta-feira;ADULTO;12;MATUTINO
HOMICIDIO;00:11;MÃE LUÍZA;R ATALAIA Nº 722;MASCULINO;BRANCA;35;FLANELINHA;ENSINO FUNDAMENTAL COMPLETO;ARMA DE FOGO;agosto;15;quinta-feira;ADULTO;0;NOTURNO
HOMICIDIO;13:21;MÃE LUÍZA;R CAMARAGIBE;MASCULINO;PARDA;31;VENDEDOR AUTONOMO;ENSINO FUNDAMENTAL COMPLETO;ARMA DE FOGO;fevereiro;7;quinta-feira;ADULTO;13;VESPERTINO
HOMICIDIO;00:11;MÃE LUÍZA;R NOVA Nº 02;MASCULINO;PARDA;36;ASG;ENSINO FUNDAMENTAL COMPLETO;ARMA DE FOGO;fevereiro;3;domingo;ADULTO;0;NOTURNO
LESAO CORPORAL SEGUIDA DE MORTE;11:44;MÃE LUÍZA;R PATRICIO ALVES ;MASCULINO;BRANCA;19;SERVENTE DE OBRAS;ENSINO FUNDAMENTAL COMPLETO;ARMA DE FOGO;dezembro;10;terça-feira;ADULTO;12;MATUTINO
HOMICIDIO;16:45;MÃE LUÍZA;TV ATALAIA, DE FRENTE A RESIDENCIA DE Nº 557;MASCULINO;PARDA;30;PEDREIRO;ENSINO FUNDAMENTAL COMPLETO;ARMA DE FOGO;maio;12;domingo;ADULTO;17;VESPERTINO
LESAO CORPORAL SEGUIDA DE MORTE;NI;MÃE LUÍZA;R GUANABARA;MASCULINO;PARDA;19;ESTUDANTE C;ENSINO MEDIO COMPLETO;ARMA DE FOGO;dezembro;15;domingo;ADULTO;NI;NI
LESAO CORPORAL SEGUIDA DE MORTE;20:17;MÃE LUÍZA;R GUANABARA ;MASCULINO;PARDA;15;ESTUDANTE C;ENSINO MEDIO COMPLETO;ARMA DE FOGO;março;30;sábado;ADOLESCENTE;20;NOTURNO
HOMICIDIO;NI;MÃE LUÍZA;R SAQUAREMA;MASCULINO;BRANCA;20;ESTUDANTE C;ENSINO MEDIO COMPLETO;ARMA DE FOGO;outubro;3;quinta-feira;ADULTO;NI;NI
HOMICIDIO;21:35;MÃE LUÍZA;R SAQUAREMA Nº30;MASCULINO;PARDA;49;INSTALADOR;ENSINO MEDIO COMPLETO;ARMA DE FOGO;novembro;22;sexta-feira;ADULTO;22;NOTURNO
LESAO CORPORAL SEGUIDA DE MORTE;00:11;MÃE LUÍZA;VIA PUBLICA NAO DETERMINADA;MASCULINO;PARDA;22;ESTUDANTE C;ENSINO MEDIO COMPLETO;ARMA DE FOGO;novembro;21;quinta-feira;ADULTO;0;NOTURNO
HOMICIDIO;00:51;MÃE LUÍZA;2ª TV CAMARAGIBE ;MASCULINO;PARDA;32;NI;NI;ARMA DE FOGO;dezembro;18;quarta-feira;ADULTO;1;NOTURNO
HOMICIDIO;14:51;MÃE LUÍZA;R ANTONIO FELIX EM FRENTE AO Nº 252;MASCULINO;BRANCA;19;DESOCUPADO(A);NI;ARMA DE FOGO;agosto;18;domingo;ADULTO;15;VESPERTINO
HOMICIDIO;13:05;MÃE LUÍZA;R CAMARAGIBE;MASCULINO;BRANCA;18;DESEMPREGADO;NI;ARMA DE FOGO;abril;13;sábado;ADULTO;13;VESPERTINO
LESAO CORPORAL SEGUIDA DE MORTE;03:27;MÃE LUÍZA;R GUANABARA;MASCULINO;PARDA;24;NI;NI;ARMA DE FOGO;outubro;20;domingo;ADULTO;3;MADRUGADA
LESAO CORPORAL SEGUIDA DE MORTE;NI;MÃE LUÍZA;R NOVA ;MASCULINO;BRANCA;25;NI;NI;ARMA DE FOGO;agosto;15;quinta-feira;ADULTO;NI;NI
HOMICIDIO;20:48;MÃE LUÍZA;R SAQUAREMA;MASCULINO;PARDA;26;NI;NI;ARMA DE FOGO;outubro;23;quarta-feira;ADULTO;21;NOTURNO
HOMICIDIO;20:14;MÃE LUÍZA;TV SAO LUIZ Nº 05;MASCULINO;PARDA;18;DESOCUPADO(A);NI;ARMA DE FOGO;outubro;13;domingo;ADULTO;20;NOTURNO
LESAO CORPORAL SEGUIDA DE MORTE;21:39;MÃE LUÍZA;VIA PUBLICA;MASCULINO;PARDA;27;DESEMPREGADO;NI;ARMA DE FOGO;janeiro;31;quinta-feira;ADULTO;22;NOTURNO
HOMICIDIO;15:15;NEÓPOLIS;AV AYRTON SENNA;MASCULINO;PARDA;29;AUTONOMO(A);ENSINO FUNDAMENTAL COMPLETO;ARMA DE FOGO;novembro;5;terça-feira;ADULTO;15;VESPERTINO
LESAO CORPORAL SEGUIDA DE MORTE;23:09;NEÓPOLIS;BR 101;MASCULINO;NEGRA;17;ESTUDANTE B;ENSINO FUNDAMENTAL COMPLETO;ARMA DE FOGO;novembro;15;sexta-feira;ADOLESCENTE;23;NOTURNO
LESAO CORPORAL SEGUIDA DE MORTE;11:44;NI;NO INTERIOR DA AMBULANCIA DO SAMU;MASCULINO;BRANCA;29;NI;NI;ARMA BRANCA;agosto;15;quinta-feira;ADULTO;12;MATUTINO
LESAO CORPORAL SEGUIDA DE MORTE;21:39;NI;HOSPITAL WAFREDO GURGEL;MASCULINO;NEGRA;19;NI;NI;ARMA DE FOGO;junho;8;sábado;ADULTO;22;NOTURNO
LESAO CORPORAL SEGUIDA DE MORTE;13:38;NI;HOSPITAL WAFREDO GURGEL;MASCULINO;NEGRA;21;NI;NI;ARMA DE FOGO;maio;26;domingo;ADULTO;14;VESPERTINO
LESAO CORPORAL SEGUIDA DE MORTE;20:14;NI;HOSPITAL WAFREDO GURGEL;MASCULINO;PARDA;54;NI;NI;ARMA DE FOGO;julho;16;terça-feira;ADULTO;20;NOTURNO
LESAO CORPORAL SEGUIDA DE MORTE;21:35;NI;HOSPITAL WAFREDO GURGEL;MASCULINO;BRANCA;19;NI;NI;NAO IDENTIFICADO;abril;25;quinta-feira;ADULTO;22;NOTURNO
LESAO CORPORAL SEGUIDA DE MORTE;11:44;NI;HOSPITAL WAFREDO GURGEL;FEMININO;NEGRA;4;MENOR DEPENDENTE;NI;NAO IDENTIFICADO;maio;3;sexta-feira;CRIANÇA;12;MATUTINO
LESAO CORPORAL SEGUIDA DE MORTE;21:39;NI;HOSPITAL WAFREDO GURGEL;MASCULINO;NEGRA;55;NI;NI;OBJETO CONTUNDENTE;junho;15;sábado;ADULTO;22;NOTURNO
HOMICIDIO;14:51;NORDESTE;R INDUSTRIAL JOAO FRANCISCO DA MATA;MASCULINO;NEGRA;37;PINTOR;ENSINO FUNDAMENTAL COMPLETO;ARMA DE FOGO;outubro;16;quarta-feira;ADULTO;15;VESPERTINO
HOMICIDIO;NI;NORDESTE;TV DOS TRANSMISSORES - APOS ASSEMBLEIA DE DEUS BETEL;MASCULINO;PARDA;17;ESTUDANTE B;ENSINO FUNDAMENTAL COMPLETO;ARMA DE FOGO;julho;9;terça-feira;ADOLESCENTE;NI;NI
LESAO CORPORAL SEGUIDA DE MORTE;21:39;NORDESTE;VIA PUBLICA;FEMININO;PARDA;31;DO LAR;ENSINO FUNDAMENTAL COMPLETO;ARMA DE FOGO;junho;26;quarta-feira;ADULTO;22;NOTURNO
HOMICIDIO;15:29;NORDESTE;AV FELIZARDO FIRMINO MOURA;MASCULINO;BRANCA;15;MENOR SEM OCUPACAO;NI;ARMA DE FOGO;agosto;26;segunda-feira;ADOLESCENTE;15;VESPERTINO
HOMICIDIO;15:15;NORDESTE;NI;MASCULINO;PARDA;28;NI;NI;ARMA DE FOGO;fevereiro;16;sábado;ADULTO;15;VESPERTINO
LATROCINIO;13:38;NORDESTE;TV DOS TRANSMISSORES ;MASCULINO;PARDA;27;DESEMPREGADO;NI;ARMA DE FOGO;fevereiro;26;terça-feira;ADULTO;14;VESPERTINO
LESAO CORPORAL SEGUIDA DE MORTE;13:59;NOSSA SENHORA DE NAZARÉ;AV INTERVENTOR MARIO CAMARA;MASCULINO;PARDA;25;ASG;ENSINO FUNDAMENTAL COMPLETO;ARMA BRANCA;maio;29;quarta-feira;ADULTO;14;VESPERTINO
LATROCINIO;NI;NOSSA SENHORA DE NAZARÉ;R DOS CAICOS;MASCULINO;PARDA;26;SERVENTE DE OBRAS;ENSINO FUNDAMENTAL COMPLETO;ARMA DE FOGO;março;1;sexta-feira;ADULTO;NI;NI
HOMICIDIO;21:39;NOSSA SENHORA DE NAZARÉ;R HIDOGRAFO VISCONDE OLIVEIRA ;MASCULINO;PARDA;24;SERVENTE DE OBRAS;ENSINO FUNDAMENTAL COMPLETO;ARMA DE FOGO;julho;27;sábado;ADULTO;22;NOTURNO
HOMICIDIO;20:43;NOSSA SENHORA DE NAZARÉ;"R DOS CAICOS Nº 2189 ""A""";MASCULINO;PARDA;22;VENDEDOR DE LOJA;ENSINO MEDIO COMPLETO;ARMA DE FOGO;junho;24;segunda-feira;ADULTO;21;NOTURNO
HOMICIDIO;21:11;NOSSA SENHORA DE NAZARÉ;AV LIMA E SILVA ;MASCULINO;PARDA;49;ADVOGADO(A);SUPERIOR;ARMA DE FOGO;maio;9;quinta-feira;ADULTO;21;NOTURNO
HOMICIDIO;20:43;NOSSA SRA DA APRESENTAÇÃO;AV DAS SERINGUEIRA;MASCULINO;PARDA;24;BISCATEIRO;ENSINO FUNDAMENTAL COMPLETO;ARMA DE FOGO;dezembro;12;quinta-feira;ADULTO;21;NOTURNO
LESAO CORPORAL SEGUIDA DE MORTE;19:54;NOSSA SRA DA APRESENTAÇÃO;AV INDUSTRIAL;MASCULINO;NEGRA;21;ABATEDOR(A);ENSINO FUNDAMENTAL COMPLETO;ARMA DE FOGO;maio;12;domingo;ADULTO;20;NOTURNO
HOMICIDIO;22:55;NOSSA SRA DA APRESENTAÇÃO;AV MARANGUAPE;MASCULINO;NEGRA;20;ASG;ENSINO FUNDAMENTAL COMPLETO;ARMA DE FOGO;setembro;8;domingo;ADULTO;23;NOTURNO
HOMICIDIO;14:51;NOSSA SRA DA APRESENTAÇÃO;R ANTONIO DE MORAIS;MASCULINO;PARDA;23;PEDREIRO;ENSINO FUNDAMENTAL COMPLETO;ARMA DE FOGO;novembro;8;sexta-feira;ADULTO;15;VESPERTINO
HOMICIDIO;19:54;NOSSA SRA DA APRESENTAÇÃO;R DOS EUCALIPTOS, EM FRENTE DO Nº 515;MASCULINO;NEGRA;35;VENDEDOR AUTONOMO;ENSINO FUNDAMENTAL COMPLETO;ARMA DE FOGO;julho;5;sexta-feira;ADULTO;20;NOTURNO
HOMICIDIO;11:44;NOSSA SRA DA APRESENTAÇÃO;R IV CENTENARIO ;MASCULINO;PARDA;26;PINTOR;ENSINO FUNDAMENTAL COMPLETO;ARMA DE FOGO;junho;24;segunda-feira;ADULTO;12;MATUTINO
HOMICIDIO;14:51;NOSSA SRA DA APRESENTAÇÃO;R JOAO FERREIRA DA SILVA Nº 394;MASCULINO;PARDA;26;JARDINEIRO;ENSINO FUNDAMENTAL COMPLETO;ARMA DE FOGO;janeiro;18;sexta-feira;ADULTO;15;VESPERTINO
HOMICIDIO;21:38;NOSSA SRA DA APRESENTAÇÃO;R LUIZA ILDA Nº 161;MASCULINO;PARDA;20;SERVENTE DE OBRAS;ENSINO FUNDAMENTAL COMPLETO;ARMA DE FOGO;agosto;25;domingo;ADULTO;22;NOTURNO
LESAO CORPORAL SEGUIDA DE MORTE;17:04;NOSSA SRA DA APRESENTAÇÃO;R MANOEL FRANCISCO ALBUQUERQUE ;MASCULINO;PARDA;27;SERVENTE DE OBRAS;ENSINO FUNDAMENTAL COMPLETO;ARMA DE FOGO;março;30;sábado;ADULTO;17;VESPERTINO
HOMICIDIO;20:14;NOSSA SRA DA APRESENTAÇÃO;R MARANGUAPE;MASCULINO;NEGRA;19;AUXILIAR DE MARCENEIRO;ENSINO FUNDAMENTAL COMPLETO;ARMA DE FOGO;outubro;22;terça-feira;ADULTO;20;NOTURNO
HOMICIDIO;20:14;NOSSA SRA DA APRESENTAÇÃO;R PADRE CICERO;MASCULINO;PARDA;29;SERVENTE DE OBRAS;ENSINO FUNDAMENTAL COMPLETO;ARMA DE FOGO;novembro;20;quarta-feira;ADULTO;20;NOTURNO
HOMICIDIO;14:51;NOSSA SRA DA APRESENTAÇÃO;R SAO JOSE EDILSON BATISTA;MASCULINO;PARDA;23;PINTOR;ENSINO FUNDAMENTAL COMPLETO;ARMA DE FOGO;outubro;11;sexta-feira;ADULTO;15;VESPERTINO
HOMICIDIO;13:38;NOSSA SRA DA APRESENTAÇÃO;R TASSO DE MACEDO;MASCULINO;PARDA;22;AMBULANTE;ENSINO FUNDAMENTAL COMPLETO;ARMA DE FOGO;novembro;23;sábado;ADULTO;14;VESPERTINO
HOMICIDIO;03:27;NOSSA SRA DA APRESENTAÇÃO;TV ROSARIO DO OESTE Nº 28 A;MASCULINO;NEGRA;27;SERVENTE DE OBRAS;ENSINO FUNDAMENTAL COMPLETO;ARMA DE FOGO;julho;28;domingo;ADULTO;3;MADRUGADA
HOMICIDIO;23:42;NOSSA SRA DA APRESENTAÇÃO;VIA PUBLICA;FEMININO;PARDA;40;VENDEDOR AUTONOMO;ENSINO FUNDAMENTAL COMPLETO;ARMA DE FOGO;maio;21;terça-feira;ADULTO;24;NOTURNO
LESAO CORPORAL SEGUIDA DE MORTE;21:39;NOSSA SRA DA APRESENTAÇÃO;R PONTE NOVA, PROX. A INTERLAGO NA AV DAS FRONTEIRAS ;FEMININO;NEGRA;16;ESTUDANTE C;ENSINO MEDIO COMPLETO;ARMA BRANCA;julho;13;sábado;ADOLESCENTE;22;NOTURNO
HOMICIDIO;01:45;NOSSA SRA DA APRESENTAÇÃO;AV BOA SORTE;MASCULINO;PARDA;19;ESTUDANTE C;ENSINO MEDIO COMPLETO;ARMA DE FOGO;junho;24;segunda-feira;ADULTO;2;MADRUGADA
HOMICIDIO;21:38;NOSSA SRA DA APRESENTAÇÃO;AV INDUSTRIAL;MASCULINO;NEGRA;27;MOTOBOY;ENSINO MEDIO COMPLETO;ARMA DE FOGO;dezembro;22;domingo;ADULTO;22;NOTURNO
LESAO CORPORAL SEGUIDA DE MORTE;18:41;NOSSA SRA DA APRESENTAÇÃO;AV MARANGUAPE;MASCULINO;NEGRA;20;COPEIRO;ENSINO MEDIO COMPLETO;ARMA DE FOGO;novembro;7;quinta-feira;ADULTO;19;NOTURNO
HOMICIDIO;17:01;NOSSA SRA DA APRESENTAÇÃO;AVMARANGUAPE;MASCULINO;NEGRA;27;ALMOXARIFE DE OBRAS;ENSINO MEDIO COMPLETO;ARMA DE FOGO;janeiro;11;sexta-feira;ADULTO;17;VESPERTINO
HOMICIDIO;12:29;NOSSA SRA DA APRESENTAÇÃO;R 22 DE JANEIRO Nº 22;MASCULINO;PARDA;15;ESTUDANTE C;ENSINO MEDIO COMPLETO;ARMA DE FOGO;junho;16;domingo;ADOLESCENTE;12;MATUTINO
LATROCINIO;NI;NOSSA SRA DA APRESENTAÇÃO;R ABMAEL FLORENCIO BERNARDO, LOT. ALIANCA;MASCULINO;PARDA;20;ESTUDANTE C;ENSINO MEDIO COMPLETO;ARMA DE FOGO;fevereiro;22;sexta-feira;ADULTO;NI;NI
LESAO CORPORAL SEGUIDA DE MORTE;NI;NOSSA SRA DA APRESENTAÇÃO;R ANANIAS XAVIER DE SOUZA ;MASCULINO;BRANCA;16;ESTUDANTE C;ENSINO MEDIO COMPLETO;ARMA DE FOGO;agosto;15;quinta-feira;ADOLESCENTE;NI;NI
HOMICIDIO;14:51;NOSSA SRA DA APRESENTAÇÃO;R ANTONIA DE SANTANA Nº 592;MASCULINO;NEGRA;24;GARCOM;ENSINO MEDIO COMPLETO;ARMA DE FOGO;março;23;sábado;ADULTO;15;VESPERTINO
HOMICIDIO;20:43;NOSSA SRA DA APRESENTAÇÃO;R ANTONIO SANTANA Nº 14;MASCULINO;PARDA;16;ESTUDANTE C;ENSINO MEDIO COMPLETO;ARMA DE FOGO;setembro;15;domingo;ADOLESCENTE;21;NOTURNO
HOMICIDIO;21:39;NOSSA SRA DA APRESENTAÇÃO;R GERMINIO BENIGNO;MASCULINO;PARDA;33;MECANICO(A);ENSINO MEDIO COMPLETO;ARMA DE FOGO;junho;2;domingo;ADULTO;22;NOTURNO
LESAO CORPORAL SEGUIDA DE MORTE;15:15;NOSSA SRA DA APRESENTAÇÃO;R MARANGUAPE, Nº 159 ;MASCULINO;NEGRA;22;VENDEDOR DE LOJA;ENSINO MEDIO COMPLETO;ARMA DE FOGO;junho;5;quarta-feira;ADULTO;15;VESPERTINO
HOMICIDIO;21:38;NOSSA SRA DA APRESENTAÇÃO;R SAO GERALDO ;MASCULINO;NEGRA;20;COZINHEIRO(A);ENSINO MEDIO COMPLETO;ARMA DE FOGO;setembro;6;sexta-feira;ADULTO;22;NOTURNO
HOMICIDIO;00:51;NOSSA SRA DA APRESENTAÇÃO;R SAO JORGE Nº 276 , VALE DOURADO;MASCULINO;NEGRA;25;TECNICO EM COMUNICACAO;ENSINO MEDIO COMPLETO;ARMA DE FOGO;julho;14;domingo;ADULTO;1;NOTURNO
LATROCINIO;13:05;NOSSA SRA DA APRESENTAÇÃO;R SAO SEVERINO DOS RAMOS Nº 11;MASCULINO;NEGRA;61;COMERCIANTE;ENSINO MEDIO COMPLETO;ARMA DE FOGO;fevereiro;5;terça-feira;IDOSO;13;VESPERTINO
HOMICIDIO;01:45;NOSSA SRA DA APRESENTAÇÃO;R VEREADOR ELISBANO DE MACEDO Nº 679 , VALE DOURADO;MASCULINO;BRANCA;25;EMBALADOR;ENSINO MEDIO COMPLETO;ARMA DE FOGO;janeiro;12;sábado;ADULTO;2;MADRUGADA
HOMICIDIO;21:31;NOSSA SRA DA APRESENTAÇÃO;R VERSUVIO;MASCULINO;PARDA;27;MOTOBOY;ENSINO MEDIO COMPLETO;ARMA DE FOGO;julho;16;terça-feira;ADULTO;22;NOTURNO
HOMICIDIO;21:35;NOSSA SRA DA APRESENTAÇÃO;TV FRANCISCO APRIGIO;MASCULINO;PARDA;35;VENDEDOR DE LOJA;ENSINO MEDIO COMPLETO;ARMA DE FOGO;novembro;9;sábado;ADULTO;22;NOTURNO
HOMICIDIO;23:06;NOSSA SRA DA APRESENTAÇÃO;TV BARAO DE MELGADO;MASCULINO;NEGRA;32;VIGILANTE;ENSINO MEDIO COMPLETO;OBJETO CONTUNDENTE;maio;9;quinta-feira;ADULTO;23;NOTURNO
HOMICIDIO;09:39;NOSSA SRA DA APRESENTAÇÃO;JPROGRESSO;MASCULINO;NEGRA;45;NI;NI;ARMA BRANCA;junho;2;domingo;ADULTO;10;MATUTINO
HOMICIDIO;NI;NOSSA SRA DA APRESENTAÇÃO;2ª TV PEDRA BRANCA , VALE DOURADO;MASCULINO;PARDA;23;DESOCUPADO(A);NI;ARMA DE FOGO;abril;24;quarta-feira;ADULTO;NI;NI
HOMICIDIO;21:39;NOSSA SRA DA APRESENTAÇÃO;AV BOA SORTE;MASCULINO;PARDA;20;NI;NI;ARMA DE FOGO;outubro;25;sexta-feira;ADULTO;22;NOTURNO
LESAO CORPORAL SEGUIDA DE MORTE;21:39;NOSSA SRA DA APRESENTAÇÃO;AV INDUSTRIAL;MASCULINO;BRANCA;30;NI;NI;ARMA DE FOGO;abril;24;quarta-feira;ADULTO;22;NOTURNO
LESAO CORPORAL SEGUIDA DE MORTE;14:51;NOSSA SRA DA APRESENTAÇÃO;AV MARANGUAPE;MASCULINO;NEGRA;20;NI;NI;ARMA DE FOGO;novembro;7;quinta-feira;ADULTO;15;VESPERTINO
HOMICIDIO;00:51;NOSSA SRA DA APRESENTAÇÃO;AV MARANGUAPE;MASCULINO;PARDA;21;NI;NI;ARMA DE FOGO;maio;30;quinta-feira;ADULTO;1;NOTURNO
HOMICIDIO;NI;NOSSA SRA DA APRESENTAÇÃO;AV MARANGUAPE;FEMININO;NEGRA;23;DESEMPREGADO;NI;ARMA DE FOGO;setembro;17;terça-feira;ADULTO;NI;NI
HOMICIDIO;21:39;NOSSA SRA DA APRESENTAÇÃO;AV MARANGUAPE;MASCULINO;PARDA;16;MENOR SEM OCUPACAO;NI;ARMA DE FOGO;novembro;16;sábado;ADOLESCENTE;22;NOTURNO
HOMICIDIO;03:27;NOSSA SRA DA APRESENTAÇÃO;AV SEN CARLOS ALBERTO;MASCULINO;NEGRA;17;MENOR SEM OCUPACAO;NI;ARMA DE FOGO;janeiro;20;domingo;ADOLESCENTE;3;MADRUGADA
HOMICIDIO;14:51;NOSSA SRA DA APRESENTAÇÃO;CRUZAMENTO DA R SAO JOSE E ANTONIA SANTANA ;MASCULINO;NEGRA;33;DESEMPREGADO;NI;ARMA DE FOGO;novembro;10;domingo;ADULTO;15;VESPERTINO
HOMICIDIO;00:11;NOSSA SRA DA APRESENTAÇÃO;ENCONTRADO AV INDUSTRIAL C/ ANTONIO MORAIS;MASCULINO;BRANCA;28;DESEMPREGADO;NI;ARMA DE FOGO;junho;3;segunda-feira;ADULTO;0;NOTURNO
HOMICIDIO;02:30;NOSSA SRA DA APRESENTAÇÃO;NI;MASCULINO;NEGRA;18;DESEMPREGADO;NI;ARMA DE FOGO;setembro;9;segunda-feira;ADULTO;3;MADRUGADA
HOMICIDIO;21:39;NOSSA SRA DA APRESENTAÇÃO;NI;MASCULINO;NEGRA;14;MENOR SEM OCUPACAO;NI;ARMA DE FOGO;dezembro;7;sábado;ADOLESCENTE;22;NOTURNO
HOMICIDIO;03:27;NOSSA SRA DA APRESENTAÇÃO;NI;MASCULINO;NEGRA;17;MENOR SEM OCUPACAO;NI;ARMA DE FOGO;novembro;21;quinta-feira;ADOLESCENTE;3;MADRUGADA
HOMICIDIO;13:38;NOSSA SRA DA APRESENTAÇÃO;PCOQUEIROS;MASCULINO;NEGRA;38;NI;NI;ARMA DE FOGO;fevereiro;23;sábado;ADULTO;14;VESPERTINO
HOMICIDIO;NI;NOSSA SRA DA APRESENTAÇÃO;R ALEXANDRE PINTO;MASCULINO;PARDA;34;NI;NI;ARMA DE FOGO;fevereiro;9;sábado;ADULTO;NI;NI
HOMICIDIO;14:51;NOSSA SRA DA APRESENTAÇÃO;R ANTONIA;MASCULINO;NEGRA;22;NI;NI;ARMA DE FOGO;outubro;28;segunda-feira;ADULTO;15;VESPERTINO
HOMICIDIO;22:55;NOSSA SRA DA APRESENTAÇÃO;R DAS CARAPATEIRAS - LOT. JARDIM PROGRESSO ;MASCULINO;NEGRA;28;DESEMPREGADO;NI;ARMA DE FOGO;julho;15;segunda-feira;ADULTO;23;NOTURNO
HOMICIDIO;14:51;NOSSA SRA DA APRESENTAÇÃO;R DESEMBARGADOR FRANCISCO DE ASSIS;MASCULINO;NEGRA;18;DESOCUPADO(A);NI;ARMA DE FOGO;setembro;17;terça-feira;ADULTO;15;VESPERTINO
HOMICIDIO;02:30;NOSSA SRA DA APRESENTAÇÃO;R DOS EUCALIPTOS Nº 39;MASCULINO;NEGRA;47;NI;NI;ARMA DE FOGO;março;22;sexta-feira;ADULTO;3;MADRUGADA
HOMICIDIO;13:07;NOSSA SRA DA APRESENTAÇÃO;R DOS OPERARIOS - LOT. JARDIM PROGRESSO;MASCULINO;PARDA;16;MENOR SEM OCUPACAO;NI;ARMA DE FOGO;agosto;25;domingo;ADOLESCENTE;13;VESPERTINO
LESAO CORPORAL SEGUIDA DE MORTE;21:39;NOSSA SRA DA APRESENTAÇÃO;R FRANCISCO APRIGIO;MASCULINO;NEGRA;18;DESOCUPADO(A);NI;ARMA DE FOGO;novembro;25;segunda-feira;ADULTO;22;NOTURNO
LATROCINIO;20:14;NOSSA SRA DA APRESENTAÇÃO;R JOANA ELISA FERNANDES;MASCULINO;PARDA;27;NI;NI;ARMA DE FOGO;fevereiro;28;quinta-feira;ADULTO;20;NOTURNO
LATROCINIO;21:39;NOSSA SRA DA APRESENTAÇÃO;R JOANA ELISA FERNANDES;MASCULINO;NEGRA;30;NI;NI;ARMA DE FOGO;fevereiro;28;quinta-feira;ADULTO;22;NOTURNO
HOMICIDIO;11:44;NOSSA SRA DA APRESENTAÇÃO;R JOANA ELISA FERNANDES;MASCULINO;PARDA;33;NI;NI;ARMA DE FOGO;fevereiro;28;quinta-feira;ADULTO;12;MATUTINO
HOMICIDIO;17:01;NOSSA SRA DA APRESENTAÇÃO;R JOANA ELISA FERNANDES Nº 762;MASCULINO;PARDA;18;DESOCUPADO(A);NI;ARMA DE FOGO;dezembro;7;sábado;ADULTO;17;VESPERTINO
HOMICIDIO;00:43;NOSSA SRA DA APRESENTAÇÃO;R JOANA ELISA FERNANDES Nº 762;MASCULINO;NEGRA;14;MENOR SEM OCUPACAO;NI;ARMA DE FOGO;dezembro;7;sábado;ADOLESCENTE;1;NOTURNO
LESAO CORPORAL SEGUIDA DE MORTE;00:50;NOSSA SRA DA APRESENTAÇÃO;R JOSE LUIS DA SILVA ;MASCULINO;NEGRA;21;NI;NI;ARMA DE FOGO;maio;30;quinta-feira;ADULTO;1;NOTURNO
LESAO CORPORAL SEGUIDA DE MORTE;13:38;NOSSA SRA DA APRESENTAÇÃO;R MARIA DO CARMO SOUZA ;MASCULINO;NEGRA;16;MENOR SEM OCUPACAO;NI;ARMA DE FOGO;outubro;27;domingo;ADOLESCENTE;14;VESPERTINO
HOMICIDIO;14:51;NOSSA SRA DA APRESENTAÇÃO;R SAO JOSE Nº 370 ,JARDIM PROGRESSO;MASCULINO;PARDA;45;NI;NI;ARMA DE FOGO;junho;19;quarta-feira;ADULTO;15;VESPERTINO
HOMICIDIO;NI;NOSSA SRA DA APRESENTAÇÃO;R SEN CARLOS ALBERTO EM FRENTE Nº 622 ;MASCULINO;NEGRA;25;DESEMPREGADO;NI;ARMA DE FOGO;outubro;13;domingo;ADULTO;NI;NI
HOMICIDIO;20:14;NOSSA SRA DA APRESENTAÇÃO;TV ANTONIA DE MORAIS;MASCULINO;NEGRA;20;NI;NI;ARMA DE FOGO;março;25;segunda-feira;ADULTO;20;NOTURNO
LESAO CORPORAL SEGUIDA DE MORTE;20:14;NOSSA SRA DA APRESENTAÇÃO;TV BOA SORTE ;MASCULINO;NEGRA;22;FEIRANTE;NI;ARMA DE FOGO;outubro;9;quarta-feira;ADULTO;20;NOTURNO
HOMICIDIO;16:06;NOSSA SRA DA APRESENTAÇÃO;TV DA PAZ VALE DOURADO;MASCULINO;NEGRA;19;DESEMPREGADO;NI;ARMA DE FOGO;setembro;22;domingo;ADULTO;16;VESPERTINO
HOMICIDIO;08:37;NOSSA SRA DA APRESENTAÇÃO;TV IRMA VITORIA;MASCULINO;PARDA;28;DESOCUPADO(A);NI;ARMA DE FOGO;julho;30;terça-feira;ADULTO;9;MATUTINO
HOMICIDIO;17:01;NOSSA SRA DA APRESENTAÇÃO;TV MARANGUAPE S/N;MASCULINO;PARDA;22;DESOCUPADO(A);NI;ARMA DE FOGO;dezembro;6;sexta-feira;ADULTO;17;VESPERTINO
HOMICIDIO;00:11;NOSSA SRA DA APRESENTAÇÃO;TV ROSARIO OESTE Nº 16;MASCULINO;BRANCA;16;MENOR SEM OCUPACAO;NI;ARMA DE FOGO;julho;28;domingo;ADOLESCENTE;0;NOTURNO
HOMICIDIO;21:39;NOSSA SRA DA APRESENTAÇÃO;TV SAO PAULO;FEMININO;PARDA;51;NI;NI;ARMA DE FOGO;dezembro;24;terça-feira;ADULTO;22;NOTURNO
HOMICIDIO;11:44;NOSSA SRA DA APRESENTAÇÃO;TV SAO PAULO;MASCULINO;PARDA;18;DESOCUPADO(A);NI;ARMA DE FOGO;dezembro;24;terça-feira;ADULTO;12;MATUTINO
HOMICIDIO;12:29;NOSSA SRA DA APRESENTAÇÃO;TV SAO PAULO;MASCULINO;PARDA;23;DESOCUPADO(A);NI;ARMA DE FOGO;dezembro;24;terça-feira;ADULTO;12;MATUTINO
HOMICIDIO;21:39;NOSSA SRA DA APRESENTAÇÃO;VDOURADO;MASCULINO;NEGRA;23;NI;NI;ARMA DE FOGO;abril;24;quarta-feira;ADULTO;22;NOTURNO
LESAO CORPORAL SEGUIDA DE MORTE;21:39;NOSSA SRA DA APRESENTAÇÃO;VIA PUBLICA;MASCULINO;NEGRA;29;NI;NI;ARMA DE FOGO;junho;18;terça-feira;ADULTO;22;NOTURNO
HOMICIDIO;01:27;NOSSA SRA DA APRESENTAÇÃO;VIA PUBLICA NAO DETERMINADA;MASCULINO;NEGRA;24;NI;NI;ARMA DE FOGO;dezembro;12;quinta-feira;ADULTO;1;NOTURNO
HOMICIDIO;00:34;NOSSA SRA DA APRESENTAÇÃO;R MARIA DO CARMO NAVARRO Nº 381;MASCULINO;NEGRA;41;GERENTE;SUPERIOR;ARMA DE FOGO;janeiro;27;domingo;ADULTO;1;NOTURNO
HOMICIDIO;20:33;NOVA DESCOBERTA;R CLAUDIONOR FIGUEIREDO;MASCULINO;PARDA;31;NI;NI;ARMA DE FOGO;outubro;22;terça-feira;ADULTO;21;NOTURNO
LESAO CORPORAL SEGUIDA DE MORTE;19:18;PAJUÇARA;LOTEAMENTO DOM PEDRO 1 ;MASCULINO;NEGRA;25;SERVENTE DE OBRAS;ENSINO FUNDAMENTAL COMPLETO;ARMA BRANCA;junho;24;segunda-feira;ADULTO;19;NOTURNO
HOMICIDIO;13:58;PAJUÇARA;AV MOEMA TINOCO;MASCULINO;NEGRA;39;VENDEDOR AUTONOMO;ENSINO FUNDAMENTAL COMPLETO;ARMA DE FOGO;junho;26;quarta-feira;ADULTO;14;VESPERTINO
HOMICIDIO;14:51;PAJUÇARA;AVMOEMA TINOCO DA CUNHA LIMA;MASCULINO;PARDA;61;VENDEDOR AUTONOMO;ENSINO FUNDAMENTAL COMPLETO;ARMA DE FOGO;fevereiro;7;quinta-feira;IDOSO;15;VESPERTINO
HOMICIDIO;NI;PAJUÇARA;ENCONTRADO AO LADO CAMPO DE FUTEBOL EM FRENTE A CIGARREIRA DE EUDES;MASCULINO;PARDA;20;ASG;ENSINO FUNDAMENTAL COMPLETO;ARMA DE FOGO;novembro;22;sexta-feira;ADULTO;NI;NI
HOMICIDIO;22:55;PAJUÇARA;R AMARO HIANAGA;MASCULINO;NEGRA;45;VENDEDOR AUTONOMO;ENSINO FUNDAMENTAL COMPLETO;ARMA DE FOGO;maio;26;domingo;ADULTO;23;NOTURNO
HOMICIDIO;19:24;PAJUÇARA;R DA FLORESTA;MASCULINO;BRANCA;29;PEDREIRO;ENSINO FUNDAMENTAL COMPLETO;ARMA DE FOGO;maio;1;quarta-feira;ADULTO;19;NOTURNO
HOMICIDIO;21:49;PAJUÇARA;R DAS FLORES ,LOT. PARQUE FLORESTA;MASCULINO;NEGRA;30;ESTURQUE;ENSINO FUNDAMENTAL COMPLETO;ARMA DE FOGO;junho;26;quarta-feira;ADULTO;22;NOTURNO
HOMICIDIO;21:39;PAJUÇARA;R DOS PIONEIROS ;MASCULINO;NEGRA;30;CARPINTEIRO;ENSINO FUNDAMENTAL COMPLETO;ARMA DE FOGO;agosto;20;terça-feira;ADULTO;22;NOTURNO
HOMICIDIO;NI;PAJUÇARA;R PLANICE DO CARIRI , LOT. PARQUE FLORESTA;FEMININO;NEGRA;29;DO LAR;ENSINO FUNDAMENTAL COMPLETO;ARMA DE FOGO;junho;26;quarta-feira;ADULTO;NI;NI
LESAO CORPORAL SEGUIDA DE MORTE;14:51;PAJUÇARA;R VILA REAL;MASCULINO;NEGRA;28;PINTOR;ENSINO FUNDAMENTAL COMPLETO;ARMA DE FOGO;dezembro;9;segunda-feira;ADULTO;15;VESPERTINO
LESAO CORPORAL SEGUIDA DE MORTE;22:00;PAJUÇARA;VIA PUBLICA;MASCULINO;NEGRA;49;ASG;ENSINO FUNDAMENTAL COMPLETO;ARMA DE FOGO;janeiro;3;quinta-feira;ADULTO;22;NOTURNO
HOMICIDIO;13:38;PAJUÇARA;R DOS PIONEIROS Nº 78 A;MASCULINO;NEGRA;27;VENDEDOR DE LOJA;ENSINO MEDIO COMPLETO;ARMA DE FOGO;outubro;7;segunda-feira;ADULTO;14;VESPERTINO
HOMICIDIO;14:51;PAJUÇARA;R EDSON FIALHO;MASCULINO;NEGRA;15;ESTUDANTE C;ENSINO MEDIO COMPLETO;ARMA DE FOGO;maio;27;segunda-feira;ADOLESCENTE;15;VESPERTINO
HOMICIDIO;08:37;PAJUÇARA;R MAR DO LESTE , LOT. NOVA REPUBLICA;MASCULINO;PARDA;20;MOTOTAXISTA;ENSINO MEDIO COMPLETO;ARMA DE FOGO;janeiro;31;quinta-feira;ADULTO;9;MATUTINO
HOMICIDIO;00:11;PAJUÇARA;R SANTO ANTONIO ;MASCULINO;NEGRA;19;MARCENEIRO;ENSINO MEDIO COMPLETO;ARMA DE FOGO;junho;8;sábado;ADULTO;0;NOTURNO
HOMICIDIO;00:11;PAJUÇARA;R SHALLON EM FRENTE AO Nº 873 ,LOTEAMENTO NOVO HORIZONTE;MASCULINO;PARDA;27;GARCOM;ENSINO MEDIO COMPLETO;ARMA DE FOGO;fevereiro;12;terça-feira;ADULTO;0;NOTURNO
HOMICIDIO;21:39;PAJUÇARA;INDETERMINADO;MASCULINO;PARDA;32;NI;NI;ARMA BRANCA;setembro;2;segunda-feira;ADULTO;22;NOTURNO
HOMICIDIO;21:39;PAJUÇARA;R JULIANO MOREIRA, VILA VERDE;MASCULINO;PARDA;19;NI;NI;ARMA BRANCA;fevereiro;27;quarta-feira;ADULTO;22;NOTURNO
HOMICIDIO;00:34;PAJUÇARA;AV GOV ANTONIO DE MELO DE SOUZA;MASCULINO;PARDA;26;NI;NI;ARMA DE FOGO;março;31;domingo;ADULTO;1;NOTURNO
LATROCINIO;14:51;PAJUÇARA;COMUNIDADE CAVACO CHINES, LOTEAMENTO SANTA CECILIA;MASCULINO;NEGRA;22;NI;NI;ARMA DE FOGO;fevereiro;27;quarta-feira;ADULTO;15;VESPERTINO
HOMICIDIO;22:55;PAJUÇARA;R BOA ESPERANCA , EM FRENTE AO Nº 223, LOT. PARQUE FLORESTA;MASCULINO;PARDA;24;DESEMPREGADO;NI;ARMA DE FOGO;novembro;22;sexta-feira;ADULTO;23;NOTURNO
HOMICIDIO;00:11;PAJUÇARA;R CAMPOS SALES Nº 10;MASCULINO;PARDA;20;NI;NI;ARMA DE FOGO;março;8;sexta-feira;ADULTO;0;NOTURNO
HOMICIDIO;13:38;PAJUÇARA;R EDSON FILHO ;MASCULINO;NEGRA;23;DESEMPREGADO;NI;ARMA DE FOGO;julho;10;quarta-feira;ADULTO;14;VESPERTINO
HOMICIDIO;13:59;PAJUÇARA;R FLOR DO CAMPO, DE FRENTE DA CASA Nº 37 - LOT. SANTA INES ;MASCULINO;NEGRA;20;DESOCUPADO(A);NI;ARMA DE FOGO;agosto;10;sábado;ADULTO;14;VESPERTINO
HOMICIDIO;20:17;PAJUÇARA;R SANTA RITA DE CASSIA;MASCULINO;NEGRA;18;DESOCUPADO(A);NI;ARMA DE FOGO;dezembro;5;quinta-feira;ADULTO;20;NOTURNO
HOMICIDIO;20:39;PAJUÇARA;R SANTO ANTONIO;MASCULINO;PARDA;21;DESEMPREGADO;NI;ARMA DE FOGO;setembro;30;segunda-feira;ADULTO;21;NOTURNO
HOMICIDIO;20:14;PAJUÇARA;R SENNY FIALHO , BRASIL NOVO;MASCULINO;PARDA;16;MENOR SEM OCUPACAO;NI;ARMA DE FOGO;junho;17;segunda-feira;ADOLESCENTE;20;NOTURNO
LESAO CORPORAL SEGUIDA DE MORTE;21:38;PAJUÇARA;R TENENTE SOUZA ;MASCULINO;PARDA;22;DESOCUPADO(A);NI;ARMA DE FOGO;junho;23;domingo;ADULTO;22;NOTURNO
HOMICIDIO;00:34;PAJUÇARA;AV POMPEIA;MASCULINO;PARDA;28;ESTUDANTE D;SUPERIOR;ARMA DE FOGO;março;23;sábado;ADULTO;1;NOTURNO
HOMICIDIO;05:30;PAJUÇARA;R ABEL FERNANDES DE CASTRO Nº 28 , PARQUE DAS DUNAS;MASCULINO;BRANCA;43;POLICIAL MILITAR;SUPERIOR;ARMA DE FOGO;janeiro;6;domingo;ADULTO;6;MADRUGADA
HOMICIDIO;13:59;PAJUÇARA;R SHALON -LOTEAMENTO SANTA CECILIA;MASCULINO;PARDA;21;ARTESAO;SUPERIOR;ARMA DE FOGO;abril;8;segunda-feira;ADULTO;14;VESPERTINO
LESAO CORPORAL SEGUIDA DE MORTE;08:37;PETRÓPOLIS;R TRAIRI;MASCULINO;NEGRA;38;PINTOR;ENSINO FUNDAMENTAL COMPLETO;ARMA BRANCA;novembro;28;quinta-feira;ADULTO;9;MATUTINO
HOMICIDIO;NI;PETRÓPOLIS;R MONTEIRO FARIAS;MASCULINO;PARDA;40;NI;NI;ARMA BRANCA;março;29;sexta-feira;ADULTO;NI;NI
HOMICIDIO;00:51;PETRÓPOLIS;NI;MASCULINO;NEGRA;49;NI;NI;ARMA DE FOGO;novembro;25;segunda-feira;ADULTO;1;NOTURNO
HOMICIDIO;10:07;PITIMBU;AV PINTASILGOS , CIDADE SATELITE;MASCULINO;NEGRA;15;AGRICULTOR(A);ENSINO FUNDAMENTAL COMPLETO;ARMA DE FOGO;janeiro;18;sexta-feira;ADOLESCENTE;10;MATUTINO
HOMICIDIO;14:51;PITIMBU;ESTRADACARROCAVEL ,PROXIMO AO BALNEARIO ;MASCULINO;PARDA;36;NI;NI;ARMA BRANCA;abril;26;sexta-feira;ADULTO;15;VESPERTINO
HOMICIDIO;NI;PITIMBU;R RIO GUAIBA;MASCULINO;PARDA;26;DESEMPREGADO;NI;ARMA BRANCA;dezembro;20;sexta-feira;ADULTO;NI;NI
HOMICIDIO;22:35;PITIMBU;PROXIMO AO CAIC DE CIDADE SATELITE;MASCULINO;NEGRA;18;DESOCUPADO(A);NI;ARMA DE FOGO;dezembro;10;terça-feira;ADULTO;23;NOTURNO
HOMICIDIO;17:01;PLANALTO;R INDOMAR Nº 05;MASCULINO;NEGRA;17;ESTUDANTE B;ENSINO FUNDAMENTAL COMPLETO;ARMA BRANCA;novembro;11;segunda-feira;ADOLESCENTE;17;VESPERTINO
HOMICIDIO;NI;PLANALTO;TV DO MOINHO VELHO;MASCULINO;PARDA;28;BISCATEIRO;ENSINO FUNDAMENTAL COMPLETO;ARMA BRANCA;dezembro;7;sábado;ADULTO;NI;NI
HOMICIDIO;21:22;PLANALTO;2ª TV SAMARIA Nº 25;MASCULINO;NEGRA;48;PINTOR;ENSINO FUNDAMENTAL COMPLETO;ARMA DE FOGO;novembro;21;quinta-feira;ADULTO;21;NOTURNO
HOMICIDIO;21:39;PLANALTO;R ABREULANDIA;MASCULINO;PARDA;29;JARDINEIRO;ENSINO FUNDAMENTAL COMPLETO;ARMA DE FOGO;abril;4;quinta-feira;ADULTO;22;NOTURNO
HOMICIDIO;03:27;PLANALTO;R CAMPESTRE MENINO JESUS Nº 24;MASCULINO;NEGRA;27;SERVENTE DE OBRAS;ENSINO FUNDAMENTAL COMPLETO;ARMA DE FOGO;abril;14;domingo;ADULTO;3;MADRUGADA
HOMICIDIO;19:54;PLANALTO;R JARDIM DO EDEN;MASCULINO;NEGRA;23;SERVENTE DE OBRAS;ENSINO FUNDAMENTAL COMPLETO;ARMA DE FOGO;novembro;15;sexta-feira;ADULTO;20;NOTURNO
LESAO CORPORAL SEGUIDA DE MORTE;NI;PLANALTO;R JOAO HELIO ;MASCULINO;PARDA;23;BORRACHEIRO;ENSINO FUNDAMENTAL COMPLETO;ARMA DE FOGO;janeiro;27;domingo;ADULTO;NI;NI
HOMICIDIO;21:39;PLANALTO;R MIRAMANGUE;MASCULINO;PARDA;17;ESTUDANTE B;ENSINO FUNDAMENTAL COMPLETO;ARMA DE FOGO;fevereiro;9;sábado;ADOLESCENTE;22;NOTURNO
LESAO CORPORAL SEGUIDA DE MORTE;01:27;PLANALTO;R MIRAMANGUE COM MONTE REY;MASCULINO;BRANCA;48;AGRICULTOR(A);ENSINO FUNDAMENTAL COMPLETO;ARMA DE FOGO;fevereiro;6;quarta-feira;ADULTO;1;NOTURNO
LESAO CORPORAL SEGUIDA DE MORTE;13:59;PLANALTO;TV JOAO HELIO ;MASCULINO;PARDA;22;ASG;ENSINO FUNDAMENTAL COMPLETO;ARMA DE FOGO;junho;4;terça-feira;ADULTO;14;VESPERTINO
HOMICIDIO;22:39;PLANALTO;R DOS JASMINS Nº 994;FEMININO;NEGRA;30;DO LAR;ENSINO FUNDAMENTAL COMPLETO;OBJETO CONTUNDENTE;janeiro;18;sexta-feira;ADULTO;23;NOTURNO
HOMICIDIO;21:38;PLANALTO;AV MONICA DANTAS;MASCULINO;PARDA;15;ESTUDANTE C;ENSINO MEDIO COMPLETO;ARMA DE FOGO;março;28;quinta-feira;ADOLESCENTE;22;NOTURNO
HOMICIDIO;20:39;PLANALTO;AV MONTE REI;FEMININO;NEGRA;30;OPERADOR DE ESCAVADEIRA;ENSINO MEDIO COMPLETO;ARMA DE FOGO;julho;20;sábado;ADULTO;21;NOTURNO
LESAO CORPORAL SEGUIDA DE MORTE;NI;PLANALTO;R ASA BRANCA Nº 114;MASCULINO;NEGRA;37;AUXILIAR DE COZINHA;ENSINO MEDIO COMPLETO;ARMA DE FOGO;outubro;3;quinta-feira;ADULTO;NI;NI
HOMICIDIO;15:05;PLANALTO;R MARANATA , EM FRENTE AO Nº 700;MASCULINO;PARDA;31;MECANICO(A);ENSINO MEDIO COMPLETO;ARMA DE FOGO;fevereiro;10;domingo;ADULTO;15;VESPERTINO
HOMICIDIO;20:36;PLANALTO;R SANTA ADELIA;MASCULINO;NEGRA;26;VIGILANTE;ENSINO MEDIO COMPLETO;ARMA DE FOGO;junho;8;sábado;ADULTO;21;NOTURNO
LATROCINIO;13:38;PLANALTO;R SANTA QUINTERIA ;MASCULINO;PARDA;26;ESTUDANTE C;ENSINO MEDIO COMPLETO;ARMA DE FOGO;fevereiro;21;quinta-feira;ADULTO;14;VESPERTINO
HOMICIDIO;15:15;PLANALTO;TV MIRANTE DAS DUNAS;FEMININO;NEGRA;15;ESTUDANTE C;ENSINO MEDIO COMPLETO;ARMA DE FOGO;setembro;25;quarta-feira;ADOLESCENTE;15;VESPERTINO
HOMICIDIO;21:39;PLANALTO;R ARACATI;MASCULINO;PARDA;26;DESEMPREGADO;NI;ARMA BRANCA;dezembro;8;domingo;ADULTO;22;NOTURNO
HOMICIDIO;11:44;PLANALTO;R QUIRAMBU;MASCULINO;NEGRA;24;APOSENTADO(A);NI;ARMA BRANCA;maio;11;sábado;ADULTO;12;MATUTINO
HOMICIDIO;03:27;PLANALTO;AV MARCOS AUGUSTO;MASCULINO;NEGRA;22;NI;NI;ARMA DE FOGO;março;6;quarta-feira;ADULTO;3;MADRUGADA
HOMICIDIO;21:38;PLANALTO;ENCONTRADO EM ESTRADA CARROCAVEL;MASCULINO;PARDA;34;DESEMPREGADO;NI;ARMA DE FOGO;dezembro;20;sexta-feira;ADULTO;22;NOTURNO
HOMICIDIO;08:37;PLANALTO;ENTRE R DOS COMETAS COM ANTONIO DE ALMEIDA LUSTOSA;MASCULINO;NEGRA;21;NI;NI;ARMA DE FOGO;junho;9;domingo;ADULTO;9;MATUTINO
HOMICIDIO;21:39;PLANALTO;R FRANCISCO CANINDE;MASCULINO;PARDA;24;NI;NI;ARMA DE FOGO;novembro;3;domingo;ADULTO;22;NOTURNO
HOMICIDIO;14:51;PLANALTO;R PASTOR JOSINO GALVAO ;MASCULINO;PARDA;27;NI;NI;ARMA DE FOGO;junho;9;domingo;ADULTO;15;VESPERTINO
HOMICIDIO;21:35;PLANALTO;TV BELO HORIZONTE Nº 55;MASCULINO;PARDA;18;DESOCUPADO(A);NI;ARMA DE FOGO;junho;15;sábado;ADULTO;22;NOTURNO
HOMICIDIO;03:27;PLANALTO;TV MIRANTE DAS DUNAS;MASCULINO;NEGRA;21;DESEMPREGADO;NI;ARMA DE FOGO;setembro;25;quarta-feira;ADULTO;3;MADRUGADA
HOMICIDIO;01:00;PLANALTO;TV SANTA DOROTEIA , EM FRENTE AO Nº 67;MASCULINO;NEGRA;18;DESEMPREGADO;NI;ARMA DE FOGO;outubro;28;segunda-feira;ADULTO;1;NOTURNO
HOMICIDIO;NI;PLANALTO;VIA PUBLICA;MASCULINO;PARDA;35;NI;NI;ARMA DE FOGO;setembro;7;sábado;ADULTO;NI;NI
HOMICIDIO;13:59;PLANALTO;R MARANATA ;MASCULINO;NEGRA;39;POLICIAL MILITAR;SUPERIOR;ARMA DE FOGO;abril;18;quinta-feira;ADULTO;14;VESPERTINO
HOMICIDIO;11:44;PONTA NEGRA;AV ENG ROBERTO FREIRE;MASCULINO;PARDA;25;BISCATEIRO;ENSINO FUNDAMENTAL COMPLETO;ARMA DE FOGO;fevereiro;7;quinta-feira;ADULTO;12;MATUTINO
LESAO CORPORAL SEGUIDA DE MORTE;20:42;PONTA NEGRA;CJ . PRAIA MAR;MASCULINO;PARDA;26;ASG;ENSINO FUNDAMENTAL COMPLETO;ARMA DE FOGO;maio;22;quarta-feira;ADULTO;21;NOTURNO
HOMICIDIO;NI;PONTA NEGRA;R JOAQUIM EDUARDO DE FARIAS - COMUNIDADE DE LAGOINHA Nº 9;MASCULINO;BRANCA;27;SOLDADOR;ENSINO FUNDAMENTAL COMPLETO;ARMA DE FOGO;junho;19;quarta-feira;ADULTO;NI;NI
HOMICIDIO;15:15;PONTA NEGRA;R DA LAGOSTA CONDOMINIO PORTO NOVO, APTº 06 ,Nº 405;MASCULINO;BRANCA;60;EMPREITEIRO DE OBRAS;ENSINO MEDIO COMPLETO;ARMA BRANCA;fevereiro;23;sábado;IDOSO;15;VESPERTINO
LATROCINIO;11:44;PONTA NEGRA;R CARAPEBA;FEMININO;BRANCA;36;BALCONISTA;ENSINO MEDIO COMPLETO;ARMA DE FOGO;agosto;13;terça-feira;ADULTO;12;MATUTINO
LESAO CORPORAL SEGUIDA DE MORTE;11:44;PONTA NEGRA;R MOACYR DA CUNHA MELO ;MASCULINO;PARDA;45;GARCOM;ENSINO MEDIO COMPLETO;ARMA DE FOGO;julho;12;sexta-feira;ADULTO;12;MATUTINO
HOMICIDIO;15:15;PONTA NEGRA;R 31 DE MARCO, VILA DE PONTA NEGRA ;MASCULINO;BRANCA;29;DESOCUPADO(A);NI;ARMA DE FOGO;julho;27;sábado;ADULTO;15;VESPERTINO
HOMICIDIO;NI;PONTA NEGRA;R FRANCISCO SIMPLICIO S/N ;MASCULINO;BRANCA;27;NI;NI;ARMA DE FOGO;agosto;12;segunda-feira;ADULTO;NI;NI
HOMICIDIO;11:44;PONTA NEGRA;R RIO GRANDE DO NORTE;MASCULINO;NEGRA;28;NI;NI;ARMA DE FOGO;janeiro;5;sábado;ADULTO;12;MATUTINO
HOMICIDIO;NI;PONTA NEGRA;R DA CAMPINA ;FEMININO;BRANCA;25;NI;NI;ASFIXIA MECANICA PROVOCADA;julho;22;segunda-feira;ADULTO;NI;NI
HOMICIDIO;21:39;PONTA NEGRA;NI;FEMININO;BRANCA;24;NI;NI;ESPANCAMENTO;agosto;16;sexta-feira;ADULTO;22;NOTURNO
HOMICIDIO;03:27;POTENGI;R CHAPADA DE DIAMANTINA;MASCULINO;NEGRA;46;CABELEIREIRO(A);ENSINO FUNDAMENTAL COMPLETO;ARMA BRANCA;novembro;16;sábado;ADULTO;3;MADRUGADA
LESAO CORPORAL SEGUIDA DE MORTE;11:44;POTENGI;AV GOV ANTONIO DE MELO DE SOUZA;FEMININO;NEGRA;47;DO LAR;ENSINO FUNDAMENTAL COMPLETO;ARMA DE FOGO;janeiro;14;segunda-feira;ADULTO;12;MATUTINO
LATROCINIO;11:44;POTENGI;AVGOV. ANTONIO DE MELO Nº 25;FEMININO;NEGRA;54;DO LAR;ENSINO FUNDAMENTAL COMPLETO;ARMA DE FOGO;fevereiro;22;sexta-feira;ADULTO;12;MATUTINO
HOMICIDIO;20:14;POTENGI;R ATOL DAS ROCAS;MASCULINO;NEGRA;17;ESTUDANTE B;ENSINO FUNDAMENTAL COMPLETO;ARMA DE FOGO;março;14;quinta-feira;ADOLESCENTE;20;NOTURNO
HOMICIDIO;NI;POTENGI;R DOS COQUEIROS ;MASCULINO;PARDA;19;ENTREGADOR DE GAS;ENSINO FUNDAMENTAL COMPLETO;ARMA DE FOGO;novembro;28;quinta-feira;ADULTO;NI;NI
HOMICIDIO;NI;POTENGI;R NOVA RUSSAS;MASCULINO;NEGRA;20;VENDEDOR AUTONOMO;ENSINO FUNDAMENTAL COMPLETO;ARMA DE FOGO;junho;12;quarta-feira;ADULTO;NI;NI
HOMICIDIO;14:51;POTENGI;R RIO DOCE Nº 1137;MASCULINO;NEGRA;21;SAPATEIRO;ENSINO FUNDAMENTAL COMPLETO;ARMA DE FOGO;abril;8;segunda-feira;ADULTO;15;VESPERTINO
HOMICIDIO;13:59;POTENGI;TV MANOEL PEDRO ;MASCULINO;NEGRA;16;ESTUDANTE B;ENSINO FUNDAMENTAL COMPLETO;ARMA DE FOGO;fevereiro;17;domingo;ADOLESCENTE;14;VESPERTINO
LESAO CORPORAL SEGUIDA DE MORTE;13:38;POTENGI;VIA PUBLICA;MASCULINO;NEGRA;24;OPERARIO;ENSINO FUNDAMENTAL COMPLETO;ARMA DE FOGO;junho;28;sexta-feira;ADULTO;14;VESPERTINO
LATROCINIO;NI;POTENGI;AV FLORIANOPOLIS;MASCULINO;NEGRA;44;AGENTE FUNERARIO;ENSINO MEDIO COMPLETO;ARMA DE FOGO;agosto;8;quinta-feira;ADULTO;NI;NI
LESAO CORPORAL SEGUIDA DE MORTE;01:27;POTENGI;AV ITAPETINGA;MASCULINO;PARDA;15;ESTUDANTE C;ENSINO MEDIO COMPLETO;ARMA DE FOGO;fevereiro;14;quinta-feira;ADOLESCENTE;1;NOTURNO
LESAO CORPORAL SEGUIDA DE MORTE;20:42;POTENGI;AV PAULISTANA;MASCULINO;PARDA;30;MOTORISTA;ENSINO MEDIO COMPLETO;ARMA DE FOGO;abril;23;terça-feira;ADULTO;21;NOTURNO
LESAO CORPORAL SEGUIDA DE MORTE;00:11;POTENGI;CONJUNTO SANTAREM - PROXIMO A TORRE DE CELULAR;MASCULINO;PARDA;34;MOTORISTA;ENSINO MEDIO COMPLETO;ARMA DE FOGO;novembro;23;sábado;ADULTO;0;NOTURNO
LESAO CORPORAL SEGUIDA DE MORTE;19:54;POTENGI;ESTRADA DA REDINHA;MASCULINO;BRANCA;33;MOTORISTA;ENSINO MEDIO COMPLETO;ARMA DE FOGO;agosto;7;quarta-feira;ADULTO;20;NOTURNO
HOMICIDIO;20:43;POTENGI;R ALVORECER Nº 12 , CONJUNTO JARDINS DAS FLORES;MASCULINO;NEGRA;35;COMERCIANTE;ENSINO MEDIO COMPLETO;ARMA DE FOGO;janeiro;25;sexta-feira;ADULTO;21;NOTURNO
LESAO CORPORAL SEGUIDA DE MORTE;14:51;POTENGI;R LIMOEIRO DO NORTE, EM FRENTE A ESCOLA JOSINO MACEDO - PANATIS II;MASCULINO;NEGRA;14;ESTUDANTE C;ENSINO MEDIO COMPLETO;ARMA DE FOGO;agosto;20;terça-feira;ADOLESCENTE;15;VESPERTINO
LESAO CORPORAL SEGUIDA DE MORTE;15:19;POTENGI;R SIDEROPOLIS;MASCULINO;NEGRA;52;COMERCIANTE;ENSINO MEDIO COMPLETO;ARMA DE FOGO;novembro;14;quinta-feira;ADULTO;15;VESPERTINO
HOMICIDIO;14:51;POTENGI;R TIJUCA - PROX. AO HOSPITAL SANTA CATARINA;MASCULINO;NEGRA;33;PESCADOR;NI;ARMA BRANCA;novembro;7;quinta-feira;ADULTO;15;VESPERTINO
HOMICIDIO;15:15;POTENGI;2ª TV PIRACANJUBA , EM FRENTE AO Nº 60 , CJ SANTAREM;MASCULINO;NEGRA;20;NI;NI;ARMA DE FOGO;junho;10;segunda-feira;ADULTO;15;VESPERTINO
HOMICIDIO;20:14;POTENGI;5ª TV APUCARANA;MASCULINO;NEGRA;19;NI;NI;ARMA DE FOGO;dezembro;30;segunda-feira;ADULTO;20;NOTURNO
LESAO CORPORAL SEGUIDA DE MORTE;03:27;POTENGI;AV APUCARANA;MASCULINO;NEGRA;24;NI;NI;ARMA DE FOGO;junho;21;sexta-feira;ADULTO;3;MADRUGADA
HOMICIDIO;20:08;POTENGI;AV DR JOAO MEDEIROS FILHO;MASCULINO;PARDA;31;NI;NI;ARMA DE FOGO;junho;19;quarta-feira;ADULTO;20;NOTURNO
HOMICIDIO;14:51;POTENGI;AV ITAPETINGA;MASCULINO;NEGRA;25;NI;NI;ARMA DE FOGO;novembro;2;sábado;ADULTO;15;VESPERTINO
LESAO CORPORAL SEGUIDA DE MORTE;14:51;POTENGI;AV ITAPETINGA;MASCULINO;NEGRA;18;DESOCUPADO(A);NI;ARMA DE FOGO;julho;11;quinta-feira;ADULTO;15;VESPERTINO
HOMICIDIO;11:44;POTENGI;LOT. NORDELANDIA - PROX. A ROTATORIA DA BR 101 NORTE;MASCULINO;PARDA;23;NI;NI;ARMA DE FOGO;maio;16;quinta-feira;ADULTO;12;MATUTINO
HOMICIDIO;20:14;POTENGI;R DO JUAZEIRO Nº 15;MASCULINO;BRANCA;21;NI;NI;ARMA DE FOGO;janeiro;25;sexta-feira;ADULTO;20;NOTURNO
HOMICIDIO;15:15;POTENGI;SANTA CATARINA;MASCULINO;NEGRA;22;NI;NI;ARMA DE FOGO;junho;12;quarta-feira;ADULTO;15;VESPERTINO
HOMICIDIO;16:45;POTENGI;TV ARAGUAIA, 25;FEMININO;PARDA;47;RECICLADOR;NI;ARMA DE FOGO;maio;10;sexta-feira;ADULTO;17;VESPERTINO
LESAO CORPORAL SEGUIDA DE MORTE;00:11;POTENGI;VIA PUBLICA;MASCULINO;PARDA;13;MENOR SEM OCUPACAO;NI;ARMA DE FOGO;março;13;quarta-feira;ADOLESCENTE;0;NOTURNO
LESAO CORPORAL SEGUIDA DE MORTE;NI;POTENGI;VIA PUBLICA NAO DETERMINADA;MASCULINO;NEGRA;33;FEIRANTE;NI;ESPANCAMENTO;novembro;25;segunda-feira;ADULTO;NI;NI
HOMICIDIO;15:05;PRAIA DO MEIO;AV PRES CAFE FILHO;FEMININO;NEGRA;15;ESTUDANTE C;ENSINO MEDIO COMPLETO;ARMA DE FOGO;janeiro;5;sábado;ADOLESCENTE;15;VESPERTINO
HOMICIDIO;21:35;PRAIA DO MEIO;R FELICIANO DIAS , PROX. A SUA RESIDENCIA;MASCULINO;NEGRA;15;MENOR SEM OCUPACAO;NI;ARMA DE FOGO;outubro;13;domingo;ADOLESCENTE;22;NOTURNO
HOMICIDIO;14:51;QUINTAS;AVMANOEL MIRANDA Nº 1786;MASCULINO;PARDA;32;VENDEDOR AUTONOMO;ENSINO FUNDAMENTAL COMPLETO;ARMA BRANCA;setembro;30;segunda-feira;ADULTO;15;VESPERTINO
HOMICIDIO;19:54;QUINTAS;2ª TV RIO NORTE Nº 06 A;MASCULINO;PARDA;22;PEDREIRO;ENSINO FUNDAMENTAL COMPLETO;ARMA DE FOGO;dezembro;16;segunda-feira;ADULTO;20;NOTURNO
HOMICIDIO;14:51;QUINTAS;FAVELA DO JAPAO;MASCULINO;PARDA;32;PEDREIRO;ENSINO FUNDAMENTAL COMPLETO;ARMA DE FOGO;maio;26;domingo;ADULTO;15;VESPERTINO
HOMICIDIO;14:51;QUINTAS;R DO OUVIDOR ;MASCULINO;NEGRA;20;SERVENTE DE OBRAS;ENSINO FUNDAMENTAL COMPLETO;ARMA DE FOGO;junho;8;sábado;ADULTO;15;VESPERTINO
LESAO CORPORAL SEGUIDA DE MORTE;17:01;QUINTAS;R DOS PAIATIS Nº 2026;MASCULINO;PARDA;24;SERVENTE DE OBRAS;ENSINO FUNDAMENTAL COMPLETO;ARMA DE FOGO;março;9;sábado;ADULTO;17;VESPERTINO
HOMICIDIO;00:11;QUINTAS;R NOVA FLORESTA Nº 552 , NOVO HORIZONTE ;MASCULINO;PARDA;38;VENDEDOR AUTONOMO;ENSINO FUNDAMENTAL COMPLETO;ARMA DE FOGO;janeiro;22;terça-feira;ADULTO;0;NOTURNO
HOMICIDIO;00:51;QUINTAS;R PRES KENNEDY Nº 21 C;MASCULINO;NEGRA;26;LAVADOR DE CARRO;ENSINO FUNDAMENTAL COMPLETO;ARMA DE FOGO;novembro;16;sábado;ADULTO;1;NOTURNO
LESAO CORPORAL SEGUIDA DE MORTE;21:39;QUINTAS;R SAO LUCAS;MASCULINO;NEGRA;17;ESTUDANTE B;ENSINO FUNDAMENTAL COMPLETO;ARMA DE FOGO;setembro;30;segunda-feira;ADOLESCENTE;22;NOTURNO
HOMICIDIO;20:14;QUINTAS;TV NAPOLEAO LAUREANO , PROXIMO AO POSTO ABRANTES;MASCULINO;PARDA;28;GARI;ENSINO FUNDAMENTAL COMPLETO;ARMA DE FOGO;setembro;15;domingo;ADULTO;20;NOTURNO
LESAO CORPORAL SEGUIDA DE MORTE;21:39;QUINTAS;TV PRES KENNEDY;MASCULINO;PARDA;24;SERVENTE DE OBRAS;ENSINO FUNDAMENTAL COMPLETO;ARMA DE FOGO;fevereiro;6;quarta-feira;ADULTO;22;NOTURNO
HOMICIDIO;11:44;QUINTAS;AV BERNANDO VIEIRA;MASCULINO;PARDA;51;COMERCIANTE;ENSINO MEDIO COMPLETO;ARMA DE FOGO;novembro;23;sábado;ADULTO;12;MATUTINO
LESAO CORPORAL SEGUIDA DE MORTE;17:01;QUINTAS;R HENRIQUE NUNES;MASCULINO;NEGRA;33;MOTORISTA DE CACAMBA;ENSINO MEDIO COMPLETO;ARMA DE FOGO;maio;27;segunda-feira;ADULTO;17;VESPERTINO
HOMICIDIO;21:39;QUINTAS;R MANOEL ANDRADE;MASCULINO;NEGRA;21;MARCENEIRO;ENSINO MEDIO COMPLETO;ARMA DE FOGO;janeiro;14;segunda-feira;ADULTO;22;NOTURNO
LATROCINIO;14:51;QUINTAS;R SANTA HELENA;MASCULINO;PARDA;22;ESTUDANTE C;ENSINO MEDIO COMPLETO;ARMA DE FOGO;fevereiro;18;segunda-feira;ADULTO;15;VESPERTINO
HOMICIDIO;14:51;QUINTAS;R SAO GERALDO ;MASCULINO;PARDA;27;MOTORISTA;ENSINO MEDIO COMPLETO;ARMA DE FOGO;fevereiro;24;domingo;ADULTO;15;VESPERTINO
LESAO CORPORAL SEGUIDA DE MORTE;13:05;QUINTAS;AV BERNANDO VIEIRA;FEMININO;BRANCA;56;NI;NI;ARMA BRANCA;janeiro;7;segunda-feira;ADULTO;13;VESPERTINO
HOMICIDIO;15:15;QUINTAS;R DOS BANDEIRANTES;MASCULINO;BRANCA;34;NI;NI;ARMA BRANCA;abril;5;sexta-feira;ADULTO;15;VESPERTINO
HOMICIDIO;17:04;QUINTAS;KM 06;MASCULINO;NEGRA;18;DESOCUPADO(A);NI;ARMA DE FOGO;novembro;24;domingo;ADULTO;17;VESPERTINO
HOMICIDIO;22:55;QUINTAS;KM 6 - BR 226;MASCULINO;NEGRA;31;NI;NI;ARMA DE FOGO;julho;4;quinta-feira;ADULTO;23;NOTURNO
LATROCINIO;14:51;QUINTAS;PROXIMO A ESTACAO DE TREM;MASCULINO;NEGRA;19;FEIRANTE;NI;ARMA DE FOGO;fevereiro;19;terça-feira;ADULTO;15;VESPERTINO
HOMICIDIO;00:51;QUINTAS;R DR MARIO NEGOCIO ,EM FRENTE AO Nº 1820;MASCULINO;NEGRA;15;MENOR SEM OCUPACAO;NI;ARMA DE FOGO;outubro;8;terça-feira;ADOLESCENTE;1;NOTURNO
HOMICIDIO;00:11;QUINTAS;R GUANABARA;MASCULINO;NEGRA;56;FEIRANTE;NI;ARMA DE FOGO;novembro;7;quinta-feira;ADULTO;0;NOTURNO
HOMICIDIO;13:05;QUINTAS;R PALMIRA WANDERLEY ;MASCULINO;NEGRA;19;NI;NI;ARMA DE FOGO;julho;17;quarta-feira;ADULTO;13;VESPERTINO
HOMICIDIO;13:38;QUINTAS;R PRES MASCARENHAS ;FEMININO;NEGRA;17;MENOR SEM OCUPACAO;NI;ARMA DE FOGO;setembro;21;sábado;ADOLESCENTE;14;VESPERTINO
HOMICIDIO;21:38;QUINTAS;R SANTA HELENA;FEMININO;NEGRA;30;NI;NI;ARMA DE FOGO;janeiro;20;domingo;ADULTO;22;NOTURNO
LESAO CORPORAL SEGUIDA DE MORTE;13:59;QUINTAS;R SAO LUCAS;MASCULINO;PARDA;28;FEIRANTE;NI;ARMA DE FOGO;setembro;30;segunda-feira;ADULTO;14;VESPERTINO
HOMICIDIO;NI;QUINTAS;R SATIRO DIAS -PROXIMO A LOCALIDADE CONHECIDA COMO GUARITA;MASCULINO;PARDA;30;NI;NI;ARMA DE FOGO;fevereiro;3;domingo;ADULTO;NI;NI
HOMICIDIO;21:39;REDINHA;R SAO FRANCISCO - AFRICA;MASCULINO;NEGRA;23;VENDEDOR AUTONOMO;ENSINO FUNDAMENTAL COMPLETO;ARMA BRANCA;maio;13;segunda-feira;ADULTO;22;NOTURNO
LESAO CORPORAL SEGUIDA DE MORTE;13:05;REDINHA;AVDR JOAO MEDEIROS FILHO;MASCULINO;NEGRA;31;VENDEDOR AUTONOMO;ENSINO FUNDAMENTAL COMPLETO;ARMA DE FOGO;março;14;quinta-feira;ADULTO;13;VESPERTINO
HOMICIDIO;13:59;REDINHA;PRAIA DA REDINHA;MASCULINO;PARDA;23;SERVENTE DE OBRAS;ENSINO FUNDAMENTAL COMPLETO;ARMA DE FOGO;setembro;29;domingo;ADULTO;14;VESPERTINO
LESAO CORPORAL SEGUIDA DE MORTE;21:39;REDINHA;R RIO DA PRATA Nº 36 , CONJUNTO NITEROI;MASCULINO;PARDA;32;VENDEDOR AUTONOMO;ENSINO FUNDAMENTAL COMPLETO;ARMA DE FOGO;setembro;14;sábado;ADULTO;22;NOTURNO
LESAO CORPORAL SEGUIDA DE MORTE;NI;REDINHA;R RIO DOCE ;MASCULINO;NEGRA;19;SERVENTE DE OBRAS;ENSINO FUNDAMENTAL COMPLETO;ARMA DE FOGO;novembro;3;domingo;ADULTO;NI;NI
HOMICIDIO;14:51;REDINHA;TV CONSTRUTOR SEVERINO BEZERRA ;MASCULINO;BRANCA;17;ESTUDANTE B;ENSINO FUNDAMENTAL COMPLETO;ARMA DE FOGO;setembro;23;segunda-feira;ADOLESCENTE;15;VESPERTINO
LESAO CORPORAL SEGUIDA DE MORTE;14:51;REDINHA;PRAIA DA REDINHA;MASCULINO;NEGRA;28;VENDEDOR DE LOJA;ENSINO MEDIO COMPLETO;ARMA DE FOGO;outubro;5;sábado;ADULTO;15;VESPERTINO
LATROCINIO;14:51;REDINHA;R GOVERNADOR ANTONIO MELO DE SOUZA ;MASCULINO;NEGRA;27;VENDEDOR DE LOJA;ENSINO MEDIO COMPLETO;ARMA DE FOGO;fevereiro;28;quinta-feira;ADULTO;15;VESPERTINO
LESAO CORPORAL SEGUIDA DE MORTE;06:30;REDINHA;R SAO LUIZ ;MASCULINO;BRANCA;28;COMERCIANTE;ENSINO MEDIO COMPLETO;ARMA DE FOGO;setembro;27;sexta-feira;ADULTO;7;MATUTINO
LESAO CORPORAL SEGUIDA DE MORTE;08:37;REDINHA;TV BEBERIBE;MASCULINO;NEGRA;21;AUXILIAR DE COZINHA;ENSINO MEDIO COMPLETO;ARMA DE FOGO;março;20;quarta-feira;ADULTO;9;MATUTINO
HOMICIDIO;02:30;REDINHA;ENCONTRADO NA PRAIA DA REDINHA, ATRAS DO MERCADO PUBLICO DA REDINHA;MASCULINO;PARDA;32;VIGILANTE;ENSINO MEDIO COMPLETO;ASFIXIA MECANICA PROVOCADA;agosto;16;sexta-feira;ADULTO;3;MADRUGADA
LATROCINIO;12:29;REDINHA;TV PADRE CICERO Nº 40;MASCULINO;PARDA;27;NI;NI;ARMA BRANCA;fevereiro;27;quarta-feira;ADULTO;12;MATUTINO
LESAO CORPORAL SEGUIDA DE MORTE;21:38;REDINHA;AV DR JOAO MEDEIROS FILHO;MASCULINO;NEGRA;23;DESEMPREGADO;NI;ARMA DE FOGO;janeiro;26;sábado;ADULTO;22;NOTURNO
HOMICIDIO;22:00;REDINHA;PRAIA DA REDINHA, POR TRAZ DO MERCADO PUBLICO;MASCULINO;NEGRA;34;DESOCUPADO(A);NI;ARMA DE FOGO;outubro;17;quinta-feira;ADULTO;22;NOTURNO
HOMICIDIO;14:51;REDINHA;R CONSTRUTOR SEVERINO BEZERRA;MASCULINO;PARDA;39;DESEMPREGADO;NI;ARMA DE FOGO;julho;6;sábado;ADULTO;15;VESPERTINO
LESAO CORPORAL SEGUIDA DE MORTE;14:51;REDINHA;R CONSTRUTOR SEVERINO BEZERRA;MASCULINO;NEGRA;18;DESOCUPADO(A);NI;ARMA DE FOGO;abril;7;domingo;ADULTO;15;VESPERTINO
HOMICIDIO;20:02;REDINHA;R DO CRUZEIRO EM FRENTE A CASA Nº 594 ;MASCULINO;NEGRA;31;NI;NI;ARMA DE FOGO;junho;17;segunda-feira;ADULTO;20;NOTURNO
HOMICIDIO;11:44;REDINHA;TV DA GAMELEIRA ;MASCULINO;NEGRA;31;DESEMPREGADO;NI;ARMA DE FOGO;agosto;27;terça-feira;ADULTO;12;MATUTINO
HOMICIDIO;20:14;REDINHA;VIA PUBLICA;MASCULINO;PARDA;30;DESOCUPADO(A);NI;ARMA DE FOGO;abril;21;domingo;ADULTO;20;NOTURNO
HOMICIDIO;NI;REDINHA;CRUZAMENTO DAS R SEVERINO BEZERRA COM TORRE DO MAR;MASCULINO;NEGRA;40;POLICIAL MILITAR;SUPERIOR;ARMA DE FOGO;novembro;30;sábado;ADULTO;NI;NI
HOMICIDIO;20:14;REDINHA;R RIO SALGADO;MASCULINO;NEGRA;31;METRE;SUPERIOR;ARMA DE FOGO;maio;27;segunda-feira;ADULTO;20;NOTURNO
HOMICIDIO;13:05;RIBEIRA;CANTO DO MANGUE - BARRACA DO PERNAMBUCO;MASCULINO;NEGRA;29;VENDEDOR AUTONOMO;ENSINO FUNDAMENTAL COMPLETO;ARMA DE FOGO;janeiro;14;segunda-feira;ADULTO;13;VESPERTINO
HOMICIDIO;14:51;RIBEIRA;ENCONTRADO BOIANDO NO CAIS DO PORTO;MASCULINO;NEGRA;28;FLANELINHA;ENSINO FUNDAMENTAL COMPLETO;ARMA DE FOGO;outubro;1;terça-feira;ADULTO;15;VESPERTINO
HOMICIDIO;19:24;RIBEIRA;R 15 DE NOVEMBRO;MASCULINO;NEGRA;35;AGRICULTOR(A);ENSINO FUNDAMENTAL COMPLETO;ARMA DE FOGO;janeiro;25;sexta-feira;ADULTO;19;NOTURNO
HOMICIDIO;03:27;RIBEIRA;TV ALMINO AFONSO ;FEMININO;BRANCA;38;DO LAR;ENSINO FUNDAMENTAL COMPLETO;OBJETO CONTUNDENTE;outubro;3;quinta-feira;ADULTO;3;MADRUGADA
LESAO CORPORAL SEGUIDA DE MORTE;14:51;RIBEIRA;R CAMARA CASCUDO N° 344;MASCULINO;PARDA;26;VIGILANTE;ENSINO MEDIO COMPLETO;ARMA DE FOGO;julho;26;sexta-feira;ADULTO;15;VESPERTINO
LESAO CORPORAL SEGUIDA DE MORTE;14:51;RIBEIRA;R JORDANES ;MASCULINO;NEGRA;37;EX-POLICIAL MILITAR;ENSINO MEDIO COMPLETO;ARMA DE FOGO;dezembro;9;segunda-feira;ADULTO;15;VESPERTINO
HOMICIDIO;20:33;RIBEIRA;R SAO FRANCISCO ;MASCULINO;NEGRA;22;COMERCIANTE;ENSINO MEDIO COMPLETO;ARMA DE FOGO;janeiro;14;segunda-feira;ADULTO;21;NOTURNO
HOMICIDIO;13:38;RIBEIRA;AV RIO BRANCO;MASCULINO;PARDA;32;NI;NI;ARMA BRANCA;agosto;4;domingo;ADULTO;14;VESPERTINO
LESAO CORPORAL SEGUIDA DE MORTE;11:44;RIBEIRA;IGNORADO ;MASCULINO;NEGRA;15;MENOR SEM OCUPACAO;NI;ARMA DE FOGO;junho;14;sexta-feira;ADOLESCENTE;12;MATUTINO
LESAO CORPORAL SEGUIDA DE MORTE;14:51;RIBEIRA;R ALMINO AFONSO;MASCULINO;PARDA;34;DESEMPREGADO;NI;ARMA DE FOGO;novembro;29;sexta-feira;ADULTO;15;VESPERTINO
LESAO CORPORAL SEGUIDA DE MORTE;15:15;RIBEIRA;R DECIO FONSECA , EM FRENTE AO COLEGIO SANTOS REIS;MASCULINO;PARDA;18;DESEMPREGADO;NI;ARMA DE FOGO;setembro;9;segunda-feira;ADULTO;15;VESPERTINO
HOMICIDIO;20:14;RIBEIRA;TV BELO HORIZONTE - PROX. MERCADINHO DE PEDRO ;MASCULINO;PARDA;25;DESOCUPADO(A);NI;ARMA DE FOGO;julho;13;sábado;ADULTO;20;NOTURNO
HOMICIDIO;00:11;RIBEIRA;R DA FLORESTA Nº 38;MASCULINO;PARDA;50;NI;NI;ESPANCAMENTO;março;1;sexta-feira;ADULTO;0;NOTURNO
LESAO CORPORAL SEGUIDA DE MORTE;20:14;RIBEIRA;VIA PUBLICA;MASCULINO;PARDA;33;DESEMPREGADO;NI;ESPANCAMENTO;junho;13;quinta-feira;ADULTO;20;NOTURNO
HOMICIDIO;20:14;RIBEIRA;R GENERAL GLICERIO;MASCULINO;BRANCA;18;DESEMPREGADO;NI;OBJETO CONTUNDENTE;fevereiro;25;segunda-feira;ADULTO;20;NOTURNO
HOMICIDIO;NI;ROCAS;TV SAO JORGE ;MASCULINO;NEGRA;54;VENDEDOR AUTONOMO;ENSINO FUNDAMENTAL COMPLETO;ARMA DE FOGO;abril;30;terça-feira;ADULTO;NI;NI
LESAO CORPORAL SEGUIDA DE MORTE;22:55;ROCAS;VIA PUBLICA;MASCULINO;NEGRA;29;PEDREIRO;ENSINO FUNDAMENTAL COMPLETO;ARMA DE FOGO;maio;3;sexta-feira;ADULTO;23;NOTURNO
LESAO CORPORAL SEGUIDA DE MORTE;00:51;SANTOS REIS;R DA ESPERANCA I;MASCULINO;PARDA;33;COMERCIANTE;ENSINO MEDIO COMPLETO;ARMA DE FOGO;setembro;15;domingo;ADULTO;1;NOTURNO
LATROCINIO;21:39;SANTOS REIS;TV CEL FLAMINIO ;MASCULINO;PARDA;22;ESTUDANTE C;ENSINO MEDIO COMPLETO;ARMA DE FOGO;março;1;sexta-feira;ADULTO;22;NOTURNO
HOMICIDIO;05:30;TIROL;AV ALEXANDRINO DE ALENCAR;MASCULINO;NEGRA;18;VENDEDOR DE LOJA;ENSINO MEDIO COMPLETO;ARMA DE FOGO;abril;20;sábado;ADULTO;6;MADRUGADA
LESAO CORPORAL SEGUIDA DE MORTE;15:15;TIROL;R EXPEDICIONARIO JOSE MONTEIRO ;FEMININO;NEGRA;39;AUXILIAR DE COZINHA;ENSINO MEDIO COMPLETO;ARMA DE FOGO;abril;21;domingo;ADULTO;15;VESPERTINO
HOMICIDIO;NI;TIROL;R ALBERTO MARANHAO ;MASCULINO;NEGRA;67;APOSENTADO(A);NI;ARMA DE FOGO;março;19;terça-feira;IDOSO;NI;NI
HOMICIDIO;10:07;TIROL;AV HERMES DA FONSECA;FEMININO;BRANCA;36;NUTRICIONISTA;SUPERIOR;ASFIXIA MECANICA PROVOCADA;janeiro;2;quarta-feira;ADULTO;10;MATUTINO
