TIPO DE MORTE;HORA;BAIRRO DA OCORRENCIA;LOGRADOURO DA OCORRENCIA;GENERO;ETNIA;IDADE;PROFISSAO;ESCOLARIDADE;INSTRUMENTO UTILIZADO;MES;DIA;DIA DA SEMANA;FAIXA ;HORARIO APROXIMADO;TURNO
HOMICIDIO;19:06;ALECRIM;MERCADO PUBLICO DA AV 4;MASCULINO;NEGRA;53;VENDEDOR AUTONOMO;ENSINO FUNDAMENTAL COMPLETO;ARMA BRANCA;fevereiro;11;terça-feira;ADULTO;19;NOTURNO
HOMICIDIO;21:37;ALECRIM;R ANTONIO GONCALVES Nº 1662 A;MASCULINO;NEGRA;43;SOLDADOR;ENSINO FUNDAMENTAL COMPLETO;ARMA DE FOGO;março;26;quarta-feira;ADULTO;22;NOTURNO
HOMICIDIO;18:27;ALECRIM;VIA PUBLICA - GUARITA;MASCULINO;PARDA;16;ESTUDANTE B;ENSINO FUNDAMENTAL COMPLETO;ARMA DE FOGO;março;31;segunda-feira;ADOLESCENTE;18;VESPERTINO
HOMICIDIO;NI;ALECRIM;R JOAQUIM FONSECA;MASCULINO;NEGRA;36;GARCOM;ENSINO MEDIO COMPLETO;ARMA DE FOGO;julho;4;sexta-feira;ADULTO;NI;NI
HOMICIDIO;21:27;ALECRIM;"ESTACAO FERROVIARIA ALECRIM ""1"" - R PEREIRA PINTO";MASCULINO;NEGRA;25;NI;NI;ARMA DE FOGO;abril;9;quarta-feira;ADULTO;21;NOTURNO
HOMICIDIO;01:41;ALECRIM;R ARY PARREIRA VP;MASCULINO;PARDA;38;NI;NI;ARMA DE FOGO;outubro;5;domingo;ADULTO;2;MADRUGADA
HOMICIDIO;11:43;ALECRIM;R BARAUNA, 1058;MASCULINO;NEGRA;21;DESOCUPADO(A);NI;ARMA DE FOGO;julho;13;domingo;ADULTO;12;MATUTINO
HOMICIDIO;23:35;ALECRIM;R CAPITAO SILVEIRA BARRETO;MASCULINO;NEGRA;20;DESEMPREGADO;NI;ARMA DE FOGO;maio;3;sábado;ADULTO;24;NOTURNO
HOMICIDIO;15:38;ALECRIM;R EPITACIO PESSOA;MASCULINO;BRANCA;24;NI;NI;ARMA DE FOGO;outubro;30;quinta-feira;ADULTO;16;VESPERTINO
HOMICIDIO;04:57;ALECRIM;R INTERVENTOR THEODOSIO PAIVA;MASCULINO;PARDA;25;DESOCUPADO(A);NI;ARMA DE FOGO;fevereiro;9;domingo;ADULTO;5;MADRUGADA
HOMICIDIO;NI;ALECRIM;R RAFAEL FERNANDES;MASCULINO;NEGRA;18;DESOCUPADO(A);NI;ARMA DE FOGO;julho;26;sábado;ADULTO;NI;NI
HOMICIDIO;NI;ALECRIM;R SAO FRANCISCO (VIA PUBLICA;MASCULINO;PARDA;26;DESOCUPADO(A);NI;ARMA DE FOGO;setembro;9;terça-feira;ADULTO;NI;NI
HOMICIDIO;19:38;AREIA PRETA;R VEREADOR JOAO SAORES DE ARAUJO;MASCULINO;BRANCA;19;ESTUDANTE C;ENSINO MEDIO COMPLETO;ARMA DE FOGO;fevereiro;13;quinta-feira;ADULTO;20;NOTURNO
HOMICIDIO;22:55;AREIA PRETA;AV GOVERNADOR SILVIO PEDROSA;MASCULINO;NEGRA;31;DECORADOR;SUPERIOR;ARMA DE FOGO;janeiro;11;sábado;ADULTO;23;NOTURNO
HOMICIDIO;18:00;BARRO VERMELHO;R HERACLITO VILAR, 825;MASCULINO;PARDA;19;VIGILANTE;ENSINO MEDIO COMPLETO;ARMA DE FOGO;setembro;17;quarta-feira;ADULTO;18;VESPERTINO
HOMICIDIO;23:38;BOM PASTOR;ENCONTRADO NA R BIANOR MEDEIROS - EM FRENTE AO Nº 131;MASCULINO;PARDA;46;SERVENTE DE OBRAS;ENSINO FUNDAMENTAL COMPLETO;ARMA DE FOGO;setembro;14;domingo;ADULTO;24;NOTURNO
HOMICIDIO;NI;BOM PASTOR;R JOSE FLOR TAVARES EM FRENTE Nº 21;MASCULINO;PARDA;21;AUXILIAR DE MECANICO;ENSINO FUNDAMENTAL COMPLETO;ARMA DE FOGO;março;22;sábado;ADULTO;NI;NI
HOMICIDIO;18:00;BOM PASTOR;TV JERUSALEM;MASCULINO;PARDA;30;PEDREIRO;ENSINO FUNDAMENTAL COMPLETO;ARMA DE FOGO;fevereiro;21;sexta-feira;ADULTO;18;VESPERTINO
HOMICIDIO;22:12;BOM PASTOR;R ANTONIO PINHEIRO;MASCULINO;NEGRA;27;MARCENEIRO;ENSINO MEDIO COMPLETO;ARMA DE FOGO;julho;5;sábado;ADULTO;22;NOTURNO
HOMICIDIO;19:44;BOM PASTOR;R CEL COELHO;MASCULINO;NEGRA;37;COMERCIANTE;ENSINO MEDIO COMPLETO;ARMA DE FOGO;janeiro;19;domingo;ADULTO;20;NOTURNO
HOMICIDIO;NI;BOM PASTOR;R JERUSALEM S/N;MASCULINO;PARDA;33;FEIRANTE;NI;ARMA BRANCA;março;2;domingo;ADULTO;NI;NI
HOMICIDIO;18:00;BOM PASTOR;AV BOM PASTOR;MASCULINO;NEGRA;17;MENOR SEM OCUPACAO;NI;ARMA DE FOGO;novembro;26;quarta-feira;ADOLESCENTE;18;VESPERTINO
HOMICIDIO;18:00;BOM PASTOR;AV CAP MOR GOUVEIA;MASCULINO;NEGRA;24;NI;NI;ARMA DE FOGO;dezembro;10;quarta-feira;ADULTO;18;VESPERTINO
HOMICIDIO;22:05;BOM PASTOR;AV MANOEL MIRANDA;MASCULINO;NEGRA;32;NI;NI;ARMA DE FOGO;junho;15;domingo;ADULTO;22;NOTURNO
HOMICIDIO;19:26;BOM PASTOR;EM FRENTE A PRACA DO BEIJOQUEIRO;MASCULINO;PARDA;27;NI;NI;ARMA DE FOGO;dezembro;7;domingo;ADULTO;19;NOTURNO
HOMICIDIO;18:00;BOM PASTOR;EM FRENTE A PRACA DO BEIJOQUEIRO;MASCULINO;PARDA;35;NI;NI;ARMA DE FOGO;dezembro;7;domingo;ADULTO;18;VESPERTINO
HOMICIDIO;04:51;BOM PASTOR;EM FRENTE A PRACA DO BEIJOQUEIRO;MASCULINO;PARDA;15;MENOR SEM OCUPACAO;NI;ARMA DE FOGO;dezembro;7;domingo;ADOLESCENTE;5;MADRUGADA
HOMICIDIO;21:02;BOM PASTOR;R DOS PAIATIS - NO BAR DO EDVALDO;MASCULINO;BRANCA;34;DESEMPREGADO;NI;ARMA DE FOGO;março;23;domingo;ADULTO;21;NOTURNO
HOMICIDIO;07:10;BOM PASTOR;R JERUSALEM;MASCULINO;NEGRA;39;NI;NI;ARMA DE FOGO;dezembro;28;domingo;ADULTO;7;MATUTINO
HOMICIDIO;18:00;BOM PASTOR;R MANOEL MAXIMO Nº 1575 - VILA SAO FRANCISCO;MASCULINO;BRANCA;26;NI;NI;ARMA DE FOGO;fevereiro;15;sábado;ADULTO;18;VESPERTINO
HOMICIDIO;21:48;BOM PASTOR;R SAMPAIO CORREIA;MASCULINO;PARDA;17;MENOR SEM OCUPACAO;NI;ARMA DE FOGO;novembro;9;domingo;ADOLESCENTE;22;NOTURNO
HOMICIDIO;18:00;BOM PASTOR;TV RIO PARAIBA, VILA TORRE;MASCULINO;PARDA;25;NI;NI;ARMA DE FOGO;dezembro;12;sexta-feira;ADULTO;18;VESPERTINO
HOMICIDIO;17:59;BOM PASTOR;VIA PUBLICA;MASCULINO;NEGRA;43;VENDEDOR AMBULANTE;NI;ARMA DE FOGO;maio;26;segunda-feira;ADULTO;18;VESPERTINO
HOMICIDIO;NI;CANDELÁRIA;R SEN JOSE FERREIRA DE SOUZA Nº 1936;MASCULINO;BRANCA;78;APOSENTADO(A);NI;ARMA BRANCA;maio;20;terça-feira;IDOSO;NI;NI
LATROCINIO;15:19;CANDELÁRIA;EM FRENTE A SUA RESIDENCIA - R SANTA MARTA;MASCULINO;PARDA;70;FUNCIONARIO PUBLICO APOSENTADO;NI;ARMA DE FOGO;dezembro;7;domingo;IDOSO;15;VESPERTINO
HOMICIDIO;01:41;CAPIM MACIO;R PIGNATARO Nº 1963;MASCULINO;BRANCA;41;TECNICO EM ELETRONICA;ENSINO MEDIO COMPLETO;ARMA DE FOGO;maio;2;sexta-feira;ADULTO;2;MADRUGADA
LATROCINIO;01:48;CAPIM MACIO;NA CALCADA DA PIZZARIA MOSTARDA BISTRO, R FRANCISCO PIGNATARO;MASCULINO;PARDA;43;POLICIAL MILITAR;SUPERIOR;ARMA DE FOGO;dezembro;19;sexta-feira;ADULTO;2;MADRUGADA
LESAO CORPORAL SEGUIDA DE MORTE;22:55;CIDADE ALTA;R MIRAMAR DO POTENGI, PACO DA PATRIA (*MORREU NO WALFREDO GURGEL);MASCULINO;PARDA;20;ASG;ENSINO FUNDAMENTAL COMPLETO;ARMA DE FOGO;março;14;sexta-feira;ADULTO;23;NOTURNO
LESAO CORPORAL SEGUIDA DE MORTE;21:27;CIDADE ALTA;NO VIADUTO DO BALDO, PROXIMO DE UM BAR;MASCULINO;NEGRA;48;PEDREIRO;ENSINO FUNDAMENTAL COMPLETO;OBJETO CONTUNDENTE;setembro;18;quinta-feira;ADULTO;21;NOTURNO
HOMICIDIO;NI;CIDADE ALTA;R OCIDENTAL DE BAIXO Nº 1185 - PACO DA PATRIA;MASCULINO;NEGRA;24;MOTOTAXISTA;ENSINO MEDIO COMPLETO;ARMA DE FOGO;maio;22;quinta-feira;ADULTO;NI;NI
HOMICIDIO;01:09;CIDADE ALTA;R OCIDENTAL DE CIMA - PROXIMO AO RIO POTENGI;MASCULINO;PARDA;15;VENDEDOR DE LOJA;ENSINO MEDIO COMPLETO;ARMA DE FOGO;março;25;terça-feira;ADOLESCENTE;1;NOTURNO
HOMICIDIO;19:21;CIDADE ALTA;ENCONTRADO NO MANGUE DA R JOAQUIM ALVES (ANTIGA OCIDENTAL DE BAIXO), PACO DA PATRIA;MASCULINO;NEGRA;36;NI;NI;ARMA DE FOGO;julho;18;sexta-feira;ADULTO;19;NOTURNO
LATROCINIO;NI;CIDADE ALTA;PACO DA PATRIA;MASCULINO;NEGRA;54;NI;NI;ARMA DE FOGO;dezembro;18;quinta-feira;ADULTO;NI;NI
HOMICIDIO;19:36;CIDADE ALTA;PRACA DJALMA MARANHAO;MASCULINO;PARDA;27;DESOCUPADO(A);NI;ARMA DE FOGO;outubro;18;sábado;ADULTO;20;NOTURNO
LESAO CORPORAL SEGUIDA DE MORTE;17:10;CIDADE ALTA;R MIRAMAR DO POTENGI, PACO DA PATRIA (*MORREU NO WALFREDO GURGEL);MASCULINO;PARDA;17;MENOR SEM OCUPACAO;NI;ARMA DE FOGO;março;14;sexta-feira;ADOLESCENTE;17;VESPERTINO
HOMICIDIO;19:08;CIDADE ALTA;R OCIDENTAL DE BAIXO, PACO DA PATRIA;FEMININO;PARDA;16;MENOR SEM OCUPACAO;NI;ARMA DE FOGO;outubro;21;terça-feira;ADOLESCENTE;19;NOTURNO
HOMICIDIO;18:00;CIDADE ALTA;R OCIDENTAL DE BAIXO, PACO DA PATRIA;MASCULINO;PARDA;16;MENOR SEM OCUPACAO;NI;ARMA DE FOGO;outubro;21;terça-feira;ADOLESCENTE;18;VESPERTINO
HOMICIDIO;18:00;CIDADE ALTA;R PRINCESA IZABEL, CENTRO;MASCULINO;NEGRA;45;PESCADOR;NI;ARMA DE FOGO;agosto;29;sexta-feira;ADULTO;18;VESPERTINO
HOMICIDIO;14:51;CIDADE DA ESPERANÇA;FEIRA LIVRE;MASCULINO;BRANCA;56;SERVENTE DE OBRAS;ENSINO FUNDAMENTAL COMPLETO;ARMA BRANCA;fevereiro;2;domingo;ADULTO;15;VESPERTINO
HOMICIDIO;NI;CIDADE DA ESPERANÇA;AV CAP MOR GOUVEIA;FEMININO;BRANCA;32;DO LAR;ENSINO FUNDAMENTAL COMPLETO;ARMA DE FOGO;janeiro;1;quarta-feira;ADULTO;NI;NI
HOMICIDIO;NI;CIDADE DA ESPERANÇA;BAR DO ESPETINHO DO GALEGO;MASCULINO;NEGRA;19;ASG;ENSINO FUNDAMENTAL COMPLETO;ARMA DE FOGO;maio;20;terça-feira;ADULTO;NI;NI
HOMICIDIO;NI;CIDADE DA ESPERANÇA;COLEGIO ESTADUAL RAIMUNDO SOARES;MASCULINO;BRANCA;16;ESTUDANTE B;ENSINO FUNDAMENTAL COMPLETO;ARMA DE FOGO;abril;23;quarta-feira;ADOLESCENTE;NI;NI
HOMICIDIO;19:18;CIDADE DA ESPERANÇA;TV PINHEIRO - FAVELA DO DETRAN;MASCULINO;BRANCA;17;ESTUDANTE B;ENSINO FUNDAMENTAL COMPLETO;ARMA DE FOGO;março;25;terça-feira;ADOLESCENTE;19;NOTURNO
HOMICIDIO;21:27;CIDADE DA ESPERANÇA;TV PINHEIRO -FAVELA DO DETRAN;MASCULINO;NEGRA;17;ESTUDANTE B;ENSINO FUNDAMENTAL COMPLETO;ARMA DE FOGO;março;25;terça-feira;ADOLESCENTE;21;NOTURNO
HOMICIDIO;19:44;CIDADE DA ESPERANÇA;AV CAP MOR GOUVEIA;MASCULINO;PARDA;23;ESTUDANTE C;ENSINO MEDIO COMPLETO;ARMA DE FOGO;fevereiro;16;domingo;ADULTO;20;NOTURNO
HOMICIDIO;18:00;CIDADE DA ESPERANÇA;NI;MASCULINO;NEGRA;18;GARCOM;ENSINO MEDIO COMPLETO;ARMA DE FOGO;agosto;9;sábado;ADULTO;18;VESPERTINO
HOMICIDIO;20:41;CIDADE DA ESPERANÇA;R MANOEL CASTRO;MASCULINO;PARDA;48;NI;NI;ARMA BRANCA;novembro;30;domingo;ADULTO;21;NOTURNO
HOMICIDIO;NI;CIDADE DA ESPERANÇA;R CORTEZ PEREIRA;MASCULINO;PARDA;21;NI;NI;ARMA DE FOGO;dezembro;18;quinta-feira;ADULTO;NI;NI
HOMICIDIO;23:57;CIDADE DA ESPERANÇA;R FELISMINO NETO, FAVELA DO DETRAN;MASCULINO;NEGRA;25;NI;NI;ARMA DE FOGO;junho;16;segunda-feira;ADULTO;24;NOTURNO
HOMICIDIO;23:51;CIDADE DA ESPERANÇA;R RIO GRANDE DO SUL, NA FRENTE DO DETRAN;MASCULINO;PARDA;45;DETENTO FUGITIVO;NI;ARMA DE FOGO;novembro;25;terça-feira;ADULTO;24;NOTURNO
HOMICIDIO;20:41;CIDADE DA ESPERANÇA;R SOUSA PROXIMO AO SUPERMERCADO COMPRE BEM;MASCULINO;PARDA;15;MENOR SEM OCUPACAO;NI;ARMA DE FOGO;outubro;28;terça-feira;ADOLESCENTE;21;NOTURNO
HOMICIDIO;12:50;CIDADE DA ESPERANÇA;AV RIO GRANDE DO SUL;MASCULINO;PARDA;65;APOSENTADO(A);NI;NAO IDENTIFICADO;novembro;30;domingo;IDOSO;13;VESPERTINO
HOMICIDIO;21:27;CIDADE NOVA;TV SANTO ANTONIO;MASCULINO;PARDA;24;SOLDADOR;ENSINO FUNDAMENTAL COMPLETO;ARMA BRANCA;abril;26;sábado;ADULTO;21;NOTURNO
HOMICIDIO;18:00;CIDADE NOVA;R CABUGI;MASCULINO;NEGRA;19;SERVENTE DE OBRAS;ENSINO FUNDAMENTAL COMPLETO;ARMA DE FOGO;abril;20;domingo;ADULTO;18;VESPERTINO
HOMICIDIO;07:41;CIDADE NOVA;VIA PUBLICA;FEMININO;BRANCA;32;COBRADOR(A) EM COLETIVOS;ENSINO MEDIO COMPLETO;ARMA BRANCA;dezembro;17;quarta-feira;ADULTO;8;MATUTINO
HOMICIDIO;16:10;CIDADE NOVA;R SANTO AMARO Nº 435;MASCULINO;PARDA;27;DESOCUPADO(A);NI;ARMA BRANCA;fevereiro;22;sábado;ADULTO;16;VESPERTINO
ESTUPRO SEGUIDO DE MORTE;NI;CIDADE NOVA;TV SAO JERONIMO - 27;FEMININO;PARDA;29;NI;NI;NAO IDENTIFICADO;outubro;27;segunda-feira;ADULTO;NI;NI
HOMICIDIO;21:37;DIX-SEPT ROSADO;TV SANTO APOLO Nº 97;MASCULINO;PARDA;20;AUXILIAR DE MECANICO;ENSINO FUNDAMENTAL COMPLETO;ARMA DE FOGO;fevereiro;9;domingo;ADULTO;22;NOTURNO
HOMICIDIO;19:44;DIX-SEPT ROSADO;AV 06 - PROXIMO A LIGA CONTRA O CANCER;MASCULINO;PARDA;49;VIGILANTE;ENSINO MEDIO COMPLETO;ARMA BRANCA;maio;9;sexta-feira;ADULTO;20;NOTURNO
HOMICIDIO;21:27;DIX-SEPT ROSADO;TV DR VIANA ;MASCULINO;PARDA;23;VIGILANTE;ENSINO MEDIO COMPLETO;ARMA DE FOGO;fevereiro;23;domingo;ADULTO;21;NOTURNO
HOMICIDIO;18:00;DIX-SEPT ROSADO;AV CEL ESTEVAM;MASCULINO;PARDA;34;NI;NI;ARMA DE FOGO;novembro;20;quinta-feira;ADULTO;18;VESPERTINO
HOMICIDIO;18:00;DIX-SEPT ROSADO;AV CEL ESTEVAM;MASCULINO;PARDA;37;NI;NI;ARMA DE FOGO;junho;22;domingo;ADULTO;18;VESPERTINO
HOMICIDIO;22:55;DIX-SEPT ROSADO;AV INTERVENTOR MARIO CAMARA;MASCULINO;NEGRA;22;DESEMPREGADO;NI;ARMA DE FOGO;julho;27;domingo;ADULTO;23;NOTURNO
HOMICIDIO;NI;DIX-SEPT ROSADO;CRUZAMENTO DAS AV CEL ESTEVAM COM NASCIMENTO DE CASTRO;MASCULINO;PARDA;39;APOSENTADO(A);NI;ARMA DE FOGO;março;21;sexta-feira;ADULTO;NI;NI
HOMICIDIO;18:50;DIX-SEPT ROSADO;ENCONTRADO NA 2A TV DA R SAO JOAO EM FRENTE AO Nº 15 ;MASCULINO;PARDA;32;DESOCUPADO(A);NI;ARMA DE FOGO;outubro;17;sexta-feira;ADULTO;19;NOTURNO
LESAO CORPORAL SEGUIDA DE MORTE;18:00;DIX-SEPT ROSADO;R DOS POTIGUARES (R MANOEL FELIPE);FEMININO;PARDA;20;DESOCUPADO(A);NI;ARMA DE FOGO;abril;21;segunda-feira;ADULTO;18;VESPERTINO
HOMICIDIO;19:10;DIX-SEPT ROSADO;R JOSE FERNANDES PROXIMO AO N° 10 VIA PUBLICA;MASCULINO;PARDA;18;DESOCUPADO(A);NI;ARMA DE FOGO;novembro;14;sexta-feira;ADULTO;19;NOTURNO
HOMICIDIO;13:23;DIX-SEPT ROSADO;R SAMPAIO CORREIA;MASCULINO;NEGRA;21;DESEMPREGADO;NI;ARMA DE FOGO;julho;31;quinta-feira;ADULTO;13;VESPERTINO
HOMICIDIO;18:00;DIX-SEPT ROSADO;TV CEL ESTEVAM Nº 46 A;MASCULINO;BRANCA;20;DESEMPREGADO;NI;ARMA DE FOGO;fevereiro;9;domingo;ADULTO;18;VESPERTINO
HOMICIDIO;11:32;DIX-SEPT ROSADO;TV DOS CAICOS;MASCULINO;NEGRA;21;NI;NI;ARMA DE FOGO;novembro;15;sábado;ADULTO;12;MATUTINO
LATROCINIO;18:00;FELIPE CAMARÃO;AV BRASIL;MASCULINO;NEGRA;27;VENDEDOR AUTONOMO;ENSINO FUNDAMENTAL COMPLETO;ARMA BRANCA;janeiro;1;quarta-feira;ADULTO;18;VESPERTINO
HOMICIDIO;17:09;FELIPE CAMARÃO;EM FRENTE AO ANTIGO LEPROSARIO -CJ PRAIA MAR;MASCULINO;BRANCA;35;PINTOR;ENSINO FUNDAMENTAL COMPLETO;ARMA DE FOGO;abril;5;sábado;ADULTO;17;VESPERTINO
HOMICIDIO;19:21;FELIPE CAMARÃO;FAVELA DO FIO;MASCULINO;BRANCA;32;SERVENTE DE OBRAS;ENSINO FUNDAMENTAL COMPLETO;ARMA DE FOGO;março;1;sábado;ADULTO;19;NOTURNO
HOMICIDIO;20:55;FELIPE CAMARÃO;R JOAO MIRANDA DA SILVA Nº 257 LC;MASCULINO;NEGRA;20;ASG;ENSINO FUNDAMENTAL COMPLETO;ARMA DE FOGO;janeiro;1;quarta-feira;ADULTO;21;NOTURNO
HOMICIDIO;NI;FELIPE CAMARÃO;R MAE E CEU;MASCULINO;NEGRA;32;ASG;ENSINO FUNDAMENTAL COMPLETO;ARMA DE FOGO;julho;17;quinta-feira;ADULTO;NI;NI
HOMICIDIO;22:34;FELIPE CAMARÃO;R MIRAI - EM FRENTE A ELETRONICA DE JANILSON;MASCULINO;NEGRA;23;SERVENTE DE OBRAS;ENSINO FUNDAMENTAL COMPLETO;ARMA DE FOGO;maio;24;sábado;ADULTO;23;NOTURNO
HOMICIDIO;18:00;FELIPE CAMARÃO;R OTAVIO RODRIGUES ;MASCULINO;BRANCA;24;ASG;ENSINO FUNDAMENTAL COMPLETO;ARMA DE FOGO;abril;4;sexta-feira;ADULTO;18;VESPERTINO
HOMICIDIO;21:48;FELIPE CAMARÃO;R PROF. ANTONIO TRIGUEIRO;MASCULINO;BRANCA;45;ASG;ENSINO FUNDAMENTAL COMPLETO;ARMA DE FOGO;março;18;terça-feira;ADULTO;22;NOTURNO
HOMICIDIO;16:12;FELIPE CAMARÃO;R PROF. ANTONIO TRIGUEIRO;MASCULINO;NEGRA;19;ENTREGADOR;ENSINO FUNDAMENTAL COMPLETO;ARMA DE FOGO;março;17;segunda-feira;ADULTO;16;VESPERTINO
HOMICIDIO;01:38;FELIPE CAMARÃO;R RAINHA DO MAR LC;MASCULINO;NEGRA;21;SERVENTE DE OBRAS;ENSINO FUNDAMENTAL COMPLETO;ARMA DE FOGO;janeiro;13;segunda-feira;ADULTO;2;MADRUGADA
LATROCINIO;21:27;FELIPE CAMARÃO;R SANTA CLARA - CURRAL EM BAIXO DO FIO;MASCULINO;BRANCA;32;PINTOR;ENSINO FUNDAMENTAL COMPLETO;ARMA DE FOGO;maio;7;quarta-feira;ADULTO;21;NOTURNO
HOMICIDIO;20:44;FELIPE CAMARÃO;R SAO JOSE VP;MASCULINO;PARDA;29;ACOUGUEIRO(A);ENSINO FUNDAMENTAL COMPLETO;ARMA DE FOGO;fevereiro;1;sábado;ADULTO;21;NOTURNO
HOMICIDIO;17:59;FELIPE CAMARÃO;TV PINHEIRO;MASCULINO;BRANCA;23;VENDEDOR AUTONOMO;ENSINO FUNDAMENTAL COMPLETO;ARMA DE FOGO;março;8;sábado;ADULTO;18;VESPERTINO
HOMICIDIO;NI;FELIPE CAMARÃO;R SILVA;MASCULINO;NEGRA;34;ASG;ENSINO FUNDAMENTAL COMPLETO;ESPANCAMENTO;março;29;sábado;ADULTO;NI;NI
HOMICIDIO;23:57;FELIPE CAMARÃO;R DA FE;MASCULINO;NEGRA;20;ESTUDANTE C;ENSINO MEDIO COMPLETO;ARMA DE FOGO;julho;17;quinta-feira;ADULTO;24;NOTURNO
HOMICIDIO;19:50;FELIPE CAMARÃO;R JOAO MIRANDA DA SILVA COM A TV PROFESSOR ROBERTO CAMPOS;MASCULINO;NEGRA;18;ESTUDANTE C;ENSINO MEDIO COMPLETO;ARMA DE FOGO;dezembro;11;quinta-feira;ADULTO;20;NOTURNO
HOMICIDIO;09:58;FELIPE CAMARÃO;R MARISTELA ALVES Nº 465 LC;MASCULINO;NEGRA;53;COMERCIANTE;ENSINO MEDIO COMPLETO;ARMA DE FOGO;janeiro;3;sexta-feira;ADULTO;10;MATUTINO
HOMICIDIO;23:35;FELIPE CAMARÃO;R PADRE CICERO;MASCULINO;NEGRA;48;COMERCIANTE;ENSINO MEDIO COMPLETO;ARMA DE FOGO;agosto;22;sexta-feira;ADULTO;24;NOTURNO
HOMICIDIO;20:00;FELIPE CAMARÃO;R PEDRINHO BEZERRA VP;MASCULINO;BRANCA;34;MECANICO(A);ENSINO MEDIO COMPLETO;ARMA DE FOGO;janeiro;1;quarta-feira;ADULTO;20;NOTURNO
HOMICIDIO;18:00;FELIPE CAMARÃO;R RAINHA DO MAR;MASCULINO;NEGRA;20;VIGILANTE;ENSINO MEDIO COMPLETO;ARMA DE FOGO;dezembro;28;domingo;ADULTO;18;VESPERTINO
HOMICIDIO;20:18;FELIPE CAMARÃO;R SAO SEBASTIAO;MASCULINO;PARDA;18;ESTUDANTE C;ENSINO MEDIO COMPLETO;ARMA DE FOGO;maio;9;sexta-feira;ADULTO;20;NOTURNO
HOMICIDIO;NI;FELIPE CAMARÃO;R SAO SEBASTIAO, VILA SAO JOAO, 05;FEMININO;PARDA;15;ESTUDANTE C;ENSINO MEDIO COMPLETO;ARMA DE FOGO;julho;2;quarta-feira;ADOLESCENTE;NI;NI
HOMICIDIO;23:35;FELIPE CAMARÃO;TV NOSSA DRA DO CARMO;MASCULINO;NEGRA;25;ENCANADOR;ENSINO MEDIO COMPLETO;ARMA DE FOGO;setembro;23;terça-feira;ADULTO;24;NOTURNO
HOMICIDIO;NI;FELIPE CAMARÃO;VIA PUBLICA;MASCULINO;PARDA;15;ESTUDANTE C;ENSINO MEDIO COMPLETO;ARMA DE FOGO;abril;16;quarta-feira;ADOLESCENTE;NI;NI
HOMICIDIO;21:27;FELIPE CAMARÃO;2ª TV SAO DOMINGOS;MASCULINO;BRANCA;23;NI;NI;ARMA DE FOGO;abril;6;domingo;ADULTO;21;NOTURNO
HOMICIDIO;14:18;FELIPE CAMARÃO;AV GOV ANTONIO DE MELO DE SOUZA;MASCULINO;NEGRA;20;NI;NI;ARMA DE FOGO;junho;24;terça-feira;ADULTO;14;VESPERTINO
HOMICIDIO;NI;FELIPE CAMARÃO;"LOCALIDADE CONHECIDA COMO""CIDADE DE DEUS""";MASCULINO;NEGRA;22;NI;NI;ARMA DE FOGO;novembro;20;quinta-feira;ADULTO;NI;NI
HOMICIDIO;19:08;FELIPE CAMARÃO;NA CALCADA DO BAR DO TONHO;MASCULINO;NEGRA;40;NI;NI;ARMA DE FOGO;junho;22;domingo;ADULTO;19;NOTURNO
HOMICIDIO;20:17;FELIPE CAMARÃO;POR TRAS DA R MARLIN, CONJUNTO CIDADE DE DEUS ( PRAIAMAR);MASCULINO;NEGRA;26;NI;NI;ARMA DE FOGO;junho;17;terça-feira;ADULTO;20;NOTURNO
INFANTICIDIO;NI;FELIPE CAMARÃO;R DA FE (BEBE DE SETE MESES QUE FOI FERIDO NO DIA 12/6/14 CONFORME PLANILHA DE TENTATIVAS E FALECEU NA DATA DE HOJE NO HOSPITAL WALFREDO GURGEL);MASCULINO;PARDA;1;MENOR DEPENDENTE;NI;ARMA DE FOGO;junho;17;terça-feira;CRIANÇA;NI;NI
HOMICIDIO;01:30;FELIPE CAMARÃO;R DO FIO;MASCULINO;NEGRA;21;DESEMPREGADO;NI;ARMA DE FOGO;abril;13;domingo;ADULTO;2;MADRUGADA
HOMICIDIO;05:44;FELIPE CAMARÃO;R JOANA DARC;MASCULINO;NEGRA;24;NI;NI;ARMA DE FOGO;outubro;27;segunda-feira;ADULTO;6;MADRUGADA
HOMICIDIO;20:41;FELIPE CAMARÃO;R MANOEL MACHADO ;MASCULINO;PARDA;34;EX DETENTO DESOCUPADO;NI;ARMA DE FOGO;outubro;23;quinta-feira;ADULTO;21;NOTURNO
HOMICIDIO;22:57;FELIPE CAMARÃO;R MARIA GORETH, COMUNIDADE DO FIO;FEMININO;NEGRA;21;NI;NI;ARMA DE FOGO;junho;11;quarta-feira;ADULTO;23;NOTURNO
HOMICIDIO;18:00;FELIPE CAMARÃO;R OESTE;MASCULINO;NEGRA;25;DESEMPREGADO;NI;ARMA DE FOGO;fevereiro;8;sábado;ADULTO;18;VESPERTINO
HOMICIDIO;23:10;FELIPE CAMARÃO;R PADRE CICERO Nº 611;MASCULINO;BRANCA;16;MENOR SEM OCUPACAO;NI;ARMA DE FOGO;janeiro;19;domingo;ADOLESCENTE;23;NOTURNO
HOMICIDIO;21:02;FELIPE CAMARÃO;R PADRE CICERO, COMUNIDADE DA AFRICA;MASCULINO;PARDA;28;NI;NI;ARMA DE FOGO;novembro;10;segunda-feira;ADULTO;21;NOTURNO
HOMICIDIO;18:00;FELIPE CAMARÃO;R PADRE JOAO MARIA, 232;MASCULINO;PARDA;19;NI;NI;ARMA DE FOGO;outubro;27;segunda-feira;ADULTO;18;VESPERTINO
HOMICIDIO;18:00;FELIPE CAMARÃO;TV PINHEIRO VP;MASCULINO;BRANCA;19;DESEMPREGADO;NI;ARMA DE FOGO;janeiro;2;quinta-feira;ADULTO;18;VESPERTINO
HOMICIDIO;14:45;FELIPE CAMARÃO;TV QUELUZ EM FRENTE AO N° 1175;MASCULINO;PARDA;20;NI;NI;ARMA DE FOGO;novembro;5;quarta-feira;ADULTO;15;VESPERTINO
HOMICIDIO;18:17;FELIPE CAMARÃO;R NOSS SENHOR DO LIVRAMENTO;MASCULINO;NEGRA;27;ARTESAO;SUPERIOR;ARMA DE FOGO;julho;3;quinta-feira;ADULTO;18;VESPERTINO
HOMICIDIO;12:50;GUARAPES;AST ANATALIA;MASCULINO;BRANCA;30;PEDREIRO;ENSINO FUNDAMENTAL COMPLETO;ARMA DE FOGO;fevereiro;16;domingo;ADULTO;13;VESPERTINO
HOMICIDIO;19:27;GUARAPES;EM FRENTE DO TERMINAL DE ONIBUS DA GUANABARA;MASCULINO;NEGRA;22;SERVENTE DE OBRAS;ENSINO FUNDAMENTAL COMPLETO;ARMA DE FOGO;julho;6;domingo;ADULTO;19;NOTURNO
HOMICIDIO;20:29;GUARAPES;NO CAMPO DE FUTEBOL DOS GUARAPES;MASCULINO;NEGRA;23;VENDEDOR AUTONOMO;ENSINO FUNDAMENTAL COMPLETO;ARMA DE FOGO;setembro;14;domingo;ADULTO;20;NOTURNO
HOMICIDIO;NI;GUARAPES;R ALTA DE SOUZA, S/N;MASCULINO;NEGRA;21;AUXILIAR DE MARCENEIRO;ENSINO FUNDAMENTAL COMPLETO;ARMA DE FOGO;agosto;8;sexta-feira;ADULTO;NI;NI
HOMICIDIO;15:43;GUARAPES;AO LADO DA ESCOLA MUNICIPAL FRANCISCO VARELA;MASCULINO;PARDA;21;ESTUDANTE C;ENSINO MEDIO COMPLETO;ARMA DE FOGO;agosto;13;quarta-feira;ADULTO;16;VESPERTINO
HOMICIDIO;18:00;GUARAPES;R CIDADE JARDIM, CIGARREIRA DA PAZ, INFERNINHO;MASCULINO;NEGRA;24;COZINHEIRO(A);ENSINO MEDIO COMPLETO;ARMA DE FOGO;julho;5;sábado;ADULTO;18;VESPERTINO
HOMICIDIO;19:44;GUARAPES;R BELA VISTA S/N;MASCULINO;NEGRA;18;DESOCUPADO(A);NI;ARMA BRANCA;abril;1;terça-feira;ADULTO;20;NOTURNO
HOMICIDIO;14:10;GUARAPES;R SAO BRALIO, 2000 (CADAVER ENCONTRADO ENTERRADO);MASCULINO;PARDA;38;NI;NI;ARMA BRANCA;junho;30;segunda-feira;ADULTO;14;VESPERTINO
HOMICIDIO;20:41;GUARAPES;AST ANATOLIA;MASCULINO;NEGRA;27;NI;NI;ARMA DE FOGO;junho;24;terça-feira;ADULTO;21;NOTURNO
HOMICIDIO;NI;GUARAPES;R DO IGAPO EM FRENTE AO N° 157;MASCULINO;PARDA;28;NI;NI;ARMA DE FOGO;dezembro;20;sábado;ADULTO;NI;NI
HOMICIDIO;18:00;GUARAPES;R NOVO GUARAPES, PROX. A QUADRA DE ESPORTE;MASCULINO;NEGRA;31;NI;NI;ARMA DE FOGO;junho;22;domingo;ADULTO;18;VESPERTINO
HOMICIDIO;20:25;GUARAPES;VIA PUBLICA;MASCULINO;NEGRA;21;DESOCUPADO(A);NI;ARMA DE FOGO;agosto;20;quarta-feira;ADULTO;20;NOTURNO
HOMICIDIO;NI;IGAPÓ;AV TOMAZ LANDIM;MASCULINO;NEGRA;19;SERVENTE DE OBRAS;ENSINO FUNDAMENTAL COMPLETO;ARMA DE FOGO;fevereiro;22;sábado;ADULTO;NI;NI
HOMICIDIO;19:21;IGAPÓ;R ANTONIO SOUZA, PROXIMO A IGREJA CATOLICA;MASCULINO;NEGRA;39;ASG;ENSINO FUNDAMENTAL COMPLETO;ARMA DE FOGO;julho;26;sábado;ADULTO;19;NOTURNO
HOMICIDIO;18:00;IGAPÓ;R FELIPE DOS SANTOS Nº 454;MASCULINO;NEGRA;23;PEDREIRO;ENSINO FUNDAMENTAL COMPLETO;ARMA DE FOGO;março;8;sábado;ADULTO;18;VESPERTINO
HOMICIDIO;19:37;IGAPÓ;R MANOEL DE BRITO;MASCULINO;BRANCA;18;SOLDADOR;ENSINO FUNDAMENTAL COMPLETO;ARMA DE FOGO;agosto;25;segunda-feira;ADULTO;20;NOTURNO
HOMICIDIO;18:00;IGAPÓ;R SANTA LUZIA;MASCULINO;NEGRA;23;VENDEDOR AUTONOMO;ENSINO FUNDAMENTAL COMPLETO;ARMA DE FOGO;julho;3;quinta-feira;ADULTO;18;VESPERTINO
HOMICIDIO;22:50;IGAPÓ;R SANTO AGOSTINHO - 287;MASCULINO;NEGRA;27;ASG;ENSINO FUNDAMENTAL COMPLETO;ARMA DE FOGO;outubro;25;sábado;ADULTO;23;NOTURNO
HOMICIDIO;NI;IGAPÓ;R SGTº CLOVIS;MASCULINO;NEGRA;27;GESSEIRO;ENSINO FUNDAMENTAL COMPLETO;ARMA DE FOGO;março;7;sexta-feira;ADULTO;NI;NI
HOMICIDIO;NI;IGAPÓ;R SIQUEIRA CAMPOS - BEIRA RIO;MASCULINO;NEGRA;18;SERVENTE DE OBRAS;ENSINO FUNDAMENTAL COMPLETO;ARMA DE FOGO;fevereiro;24;segunda-feira;ADULTO;NI;NI
HOMICIDIO;14:45;IGAPÓ;TERCEIRA TV DEUS NOS GUIA, BEIRA DO RIO IGAPO;FEMININO;NEGRA;25;DO LAR;ENSINO FUNDAMENTAL COMPLETO;ARMA DE FOGO;julho;15;terça-feira;ADULTO;15;VESPERTINO
HOMICIDIO;18:00;IGAPÓ;AV JOAO MEDEIROS FILHO;MASCULINO;PARDA;24;OPERADOR DE MAQUINA;ENSINO MEDIO COMPLETO;ARMA BRANCA;abril;20;domingo;ADULTO;18;VESPERTINO
HOMICIDIO;12:50;IGAPÓ;AV DR JOAO MEDEIROS FILHO;MASCULINO;NEGRA;20;VIGILANTE;ENSINO MEDIO COMPLETO;ARMA DE FOGO;abril;11;sexta-feira;ADULTO;13;VESPERTINO
HOMICIDIO;20:46;IGAPÓ;R SANTO INACIO, 885;MASCULINO;NEGRA;46;PORTEIRO;ENSINO MEDIO COMPLETO;ARMA DE FOGO;setembro;20;sábado;ADULTO;21;NOTURNO
HOMICIDIO;20:01;IGAPÓ;AREA DE MANGUE;MASCULINO;PARDA;19;NI;NI;ARMA BRANCA;novembro;7;sexta-feira;ADULTO;20;NOTURNO
HOMICIDIO;12:13;IGAPÓ;AV TOMAZ LANDIM;MASCULINO;PARDA;25;NI;NI;ARMA DE FOGO;novembro;9;domingo;ADULTO;12;MATUTINO
HOMICIDIO;NI;IGAPÓ;AV TOMAZ LANDIM;MASCULINO;PARDA;28;NI;NI;ARMA DE FOGO;dezembro;22;segunda-feira;ADULTO;NI;NI
HOMICIDIO;NI;IGAPÓ;AV TOMAZ LANDIM;FEMININO;BRANCA;18;DESOCUPADO(A);NI;ARMA DE FOGO;dezembro;22;segunda-feira;ADULTO;NI;NI
HOMICIDIO;18:00;IGAPÓ;AV TOMAZ LANDIM;MASCULINO;PARDA;16;MENOR SEM OCUPACAO;NI;ARMA DE FOGO;junho;21;sábado;ADOLESCENTE;18;VESPERTINO
HOMICIDIO;23:38;IGAPÓ;BR 101 - NA PARADA DAS MANGUEIRAS RD;MASCULINO;PARDA;36;DESOCUPADO(A);NI;ARMA DE FOGO;janeiro;1;quarta-feira;ADULTO;24;NOTURNO
HOMICIDIO;18:00;IGAPÓ;CADAVER ENCONTRADO POR TRAS DA ESCOLA IRMA ARCANGELA;MASCULINO;PARDA;22;NI;NI;ARMA DE FOGO;novembro;14;sexta-feira;ADULTO;18;VESPERTINO
HOMICIDIO;18:00;IGAPÓ;ENCONTRADO NA BR 101 NORTE;MASCULINO;PARDA;31;NI;NI;ARMA DE FOGO;novembro;1;sábado;ADULTO;18;VESPERTINO
HOMICIDIO;NI;IGAPÓ;PROXIMO AO ATACADAO, MANGUEZAL;MASCULINO;PARDA;16;MENOR SEM OCUPACAO;NI;ARMA DE FOGO;outubro;28;terça-feira;ADOLESCENTE;NI;NI
HOMICIDIO;15:19;IGAPÓ;R FEFTA SANTIAGO;MASCULINO;PARDA;39;NI;NI;ARMA DE FOGO;dezembro;5;sexta-feira;ADULTO;15;VESPERTINO
HOMICIDIO;20:25;IGAPÓ;R SANAT LUZIA;MASCULINO;PARDA;26;NI;NI;ARMA DE FOGO;dezembro;30;terça-feira;ADULTO;20;NOTURNO
HOMICIDIO;18:00;IGAPÓ;R SANTO AGOSTINHO;FEMININO;BRANCA;26;NI;NI;ARMA DE FOGO;outubro;27;segunda-feira;ADULTO;18;VESPERTINO
HOMICIDIO;NI;IGAPÓ;TV VULPIANO CAVALCANTE - VILA PARAISO (OBITO NO HOSP. W. GURGEL);MASCULINO;PARDA;25;NI;NI;ARMA DE FOGO;abril;8;terça-feira;ADULTO;NI;NI
HOMICIDIO;23:22;IGAPÓ;R SGTº CLOVIS;MASCULINO;BRANCA;27;ESTUDANTE D;SUPERIOR;ARMA DE FOGO;março;8;sábado;ADULTO;23;NOTURNO
HOMICIDIO;12:13;LAGOA AZUL;FEIRA LIVRE DO CJ NOVA NATAL;MASCULINO;BRANCA;22;VENDEDOR AUTONOMO;ENSINO FUNDAMENTAL COMPLETO;ARMA BRANCA;fevereiro;9;domingo;ADULTO;12;MATUTINO
HOMICIDIO;21:27;LAGOA AZUL;R DA FEIRA DO LOTEAMENTO LAGOA AZUL;MASCULINO;PARDA;24;BISCATEIRO;ENSINO FUNDAMENTAL COMPLETO;ARMA BRANCA;março;9;domingo;ADULTO;21;NOTURNO
HOMICIDIO;15:43;LAGOA AZUL;EM UM MATAGAL;MASCULINO;PARDA;21;SERVENTE DE OBRAS;ENSINO FUNDAMENTAL COMPLETO;ARMA DE FOGO;março;29;sábado;ADULTO;16;VESPERTINO
HOMICIDIO;18:00;LAGOA AZUL;ESTRADA PARALELA A R PRINCIPAL, LOT NORDELANDIA;MASCULINO;NEGRA;22;SERVENTE DE OBRAS;ENSINO FUNDAMENTAL COMPLETO;ARMA DE FOGO;julho;31;quinta-feira;ADULTO;18;VESPERTINO
HOMICIDIO;18:00;LAGOA AZUL;R AMELIA CRISTINA Nº 1410, LOTEAMENTO BOA ESPERANCA;MASCULINO;NEGRA;23;SERVENTE DE OBRAS;ENSINO FUNDAMENTAL COMPLETO;ARMA DE FOGO;abril;20;domingo;ADULTO;18;VESPERTINO
HOMICIDIO;20:18;LAGOA AZUL;R CANTOR CARLOS ALEXANDRE, 140, LOTEAMENTO CAMARA CASCUDO;MASCULINO;NEGRA;20;SERVENTE DE OBRAS;ENSINO FUNDAMENTAL COMPLETO;ARMA DE FOGO;agosto;29;sexta-feira;ADULTO;20;NOTURNO
HOMICIDIO;21:27;LAGOA AZUL;R DA QUINA, NOVA NATAL;MASCULINO;NEGRA;23;AUXILIAR DE PINTOR;ENSINO FUNDAMENTAL COMPLETO;ARMA DE FOGO;agosto;19;terça-feira;ADULTO;21;NOTURNO
LATROCINIO;18:00;LAGOA AZUL;R DO CORDAO ENCARNADO - NOVA NATAL;MASCULINO;PARDA;26;PEDREIRO;ENSINO FUNDAMENTAL COMPLETO;ARMA DE FOGO;maio;6;terça-feira;ADULTO;18;VESPERTINO
HOMICIDIO;19:46;LAGOA AZUL;R RIBEIRAO Nº 46 ,LOT. ELDORADO LT;MASCULINO;BRANCA;24;SERVENTE DE OBRAS;ENSINO FUNDAMENTAL COMPLETO;ARMA DE FOGO;janeiro;3;sexta-feira;ADULTO;20;NOTURNO
HOMICIDIO;09:25;LAGOA AZUL;TV EPAMINONDAS DA SILVEIRA FILHO;MASCULINO;NEGRA;18;SERVENTE DE OBRAS;ENSINO FUNDAMENTAL COMPLETO;ARMA DE FOGO;agosto;27;quarta-feira;ADULTO;9;MATUTINO
HOMICIDIO;23:38;LAGOA AZUL;VIA PUBLICA;MASCULINO;PARDA;22;SERVENTE DE OBRAS;ENSINO FUNDAMENTAL COMPLETO;ARMA DE FOGO;abril;4;sexta-feira;ADULTO;24;NOTURNO
HOMICIDIO;23:57;LAGOA AZUL;AV JOAO MEDEIROS FILHO;MASCULINO;PARDA;23;ESTUDANTE C;ENSINO MEDIO COMPLETO;ARMA DE FOGO;setembro;7;domingo;ADULTO;24;NOTURNO
HOMICIDIO;15:43;LAGOA AZUL;BR 101;MASCULINO;BRANCA;29;ELETRICISTA;ENSINO MEDIO COMPLETO;ARMA DE FOGO;fevereiro;24;segunda-feira;ADULTO;16;VESPERTINO
HOMICIDIO;19:03;LAGOA AZUL;R CCAB SUL ;MASCULINO;NEGRA;18;MECANICO(A);ENSINO MEDIO COMPLETO;ARMA DE FOGO;janeiro;16;quinta-feira;ADULTO;19;NOTURNO
HOMICIDIO;21:02;LAGOA AZUL;R DA BERLINDA, EM FRENTE A CASA 1120, NOVA NATAL;MASCULINO;NEGRA;27;GARCOM;ENSINO MEDIO COMPLETO;ARMA DE FOGO;julho;14;segunda-feira;ADULTO;21;NOTURNO
HOMICIDIO;23:35;LAGOA AZUL;R DOS ALFINIS NA PIZZARIA DO ZE - PROX. A ANTIGA LOTERIA;MASCULINO;BRANCA;22;ESTUDANTE C;ENSINO MEDIO COMPLETO;ARMA DE FOGO;fevereiro;18;terça-feira;ADULTO;24;NOTURNO
HOMICIDIO;NI;LAGOA AZUL;R DOS CORAIS (CAMPO VIZINHO A ESCOLA ESTADUAL MIRIAM COELI - NOVA NATAL);MASCULINO;NEGRA;23;VIGILANTE;ENSINO MEDIO COMPLETO;ARMA DE FOGO;abril;26;sábado;ADULTO;NI;NI
HOMICIDIO;18:00;LAGOA AZUL;R MONTE CAPITOLIA - NORDELANDIA;MASCULINO;PARDA;18;ESTUDANTE C;ENSINO MEDIO COMPLETO;ARMA DE FOGO;abril;19;sábado;ADULTO;18;VESPERTINO
HOMICIDIO;NI;LAGOA AZUL;R PROFESSORA MARIA VARELA;MASCULINO;PARDA;19;AUXILIAR DE PORTARIA;ENSINO MEDIO COMPLETO;ARMA DE FOGO;abril;22;terça-feira;ADULTO;NI;NI
HOMICIDIO;20:01;LAGOA AZUL;R APOSTOLO FELIPE 48;MASCULINO;NEGRA;37;NI;NI;ARMA BRANCA;novembro;29;sábado;ADULTO;20;NOTURNO
HOMICIDIO;09:25;LAGOA AZUL;R GUSTAVO JOSE DE PAULA GOMES;MASCULINO;PARDA;39;DESOCUPADO(A);NI;ARMA BRANCA;abril;18;sexta-feira;ADULTO;9;MATUTINO
HOMICIDIO;19:46;LAGOA AZUL;AV AMELIA CRISTINA EM FRENTE A CASA DE N° 553 - LOTEAMENTO BOA ESPERANCA;MASCULINO;PARDA;32;NI;NI;ARMA DE FOGO;novembro;9;domingo;ADULTO;20;NOTURNO
HOMICIDIO;22:12;LAGOA AZUL;AV BELA VISTA, CONJUNTO CIDADE PRAI;MASCULINO;PARDA;14;MENOR SEM OCUPACAO;NI;ARMA DE FOGO;novembro;24;segunda-feira;ADOLESCENTE;22;NOTURNO
HOMICIDIO;20:02;LAGOA AZUL;CAMINHO NAO PAVIMENTADO, REGIAO DE MATAGAL, GRAMORE;MASCULINO;NEGRA;22;NI;NI;ARMA DE FOGO;novembro;16;domingo;ADULTO;20;NOTURNO
HOMICIDIO;17:10;LAGOA AZUL;ESTRADA CARROCAVEL ENTRE A BR 101 E O LOTEAMENTO NODERLANDIA;MASCULINO;NEGRA;22;NI;NI;ARMA DE FOGO;janeiro;31;sexta-feira;ADULTO;17;VESPERTINO
HOMICIDIO;NI;LAGOA AZUL;ESTRADA CARROCAVEL POR TRAZ DO COLEGIO SABINO;MASCULINO;NEGRA;20;DESEMPREGADO;NI;ARMA DE FOGO;fevereiro;21;sexta-feira;ADULTO;NI;NI
HOMICIDIO;17:10;LAGOA AZUL;ESTRADA CARROCAVEL QUE LIGA NORDELANDIA A BR 101 NORTE;MASCULINO;PARDA;24;NI;NI;ARMA DE FOGO;outubro;15;quarta-feira;ADULTO;17;VESPERTINO
HOMICIDIO;19:06;LAGOA AZUL;MATAGAL DE TERRENO BALDIO;FEMININO;BRANCA;30;DESOCUPADO(A);NI;ARMA DE FOGO;dezembro;2;terça-feira;ADULTO;19;NOTURNO
HOMICIDIO;19:15;LAGOA AZUL;NORDELANDIA;MASCULINO;PARDA;23;NI;NI;ARMA DE FOGO;outubro;27;segunda-feira;ADULTO;19;NOTURNO
HOMICIDIO;NI;LAGOA AZUL;NORDERLANDIA;MASCULINO;PARDA;28;DESEMPREGADO;NI;ARMA DE FOGO;abril;16;quarta-feira;ADULTO;NI;NI
HOMICIDIO;01:48;LAGOA AZUL;R ANITA MARQUES - VIA PUBLICA;MASCULINO;BRANCA;17;MENOR SEM OCUPACAO;NI;ARMA DE FOGO;fevereiro;11;terça-feira;ADOLESCENTE;2;MADRUGADA
HOMICIDIO;01:41;LAGOA AZUL;R DO ABOIO EM FRENTE AO Nº 946;MASCULINO;PARDA;23;NI;NI;ARMA DE FOGO;junho;17;terça-feira;ADULTO;2;MADRUGADA
HOMICIDIO;20:44;LAGOA AZUL;R DOM PEDRO I, LOTEAMENTO JOSE SARNEY;MASCULINO;PARDA;33;NI;NI;ARMA DE FOGO;novembro;26;quarta-feira;ADULTO;21;NOTURNO
HOMICIDIO;23:22;LAGOA AZUL;R DR MARIANO DA SILVA, LOTEAMENTO CAMARA CASCUDO;MASCULINO;PARDA;51;DESOCUPADO(A);NI;ARMA DE FOGO;setembro;21;domingo;ADULTO;23;NOTURNO
HOMICIDIO;12:13;LAGOA AZUL;R IVAIPURA, CONJUNTO SANTAREM;MASCULINO;BRANCA;18;DESOCUPADO(A);NI;ARMA DE FOGO;novembro;10;segunda-feira;ADULTO;12;MATUTINO
HOMICIDIO;19:21;LAGOA AZUL;R MESTRE LUCARINO, 20, LOTEAMENTO ALIANCA;MASCULINO;PARDA;47;NI;NI;ARMA DE FOGO;dezembro;26;sexta-feira;ADULTO;19;NOTURNO
HOMICIDIO;19:04;LAGOA AZUL;R MISSAO DE CRISTO, EM FRENTE AO N° 374-B;MASCULINO;PARDA;29;NI;NI;ARMA DE FOGO;novembro;21;sexta-feira;ADULTO;19;NOTURNO
HOMICIDIO;04:09;LAGOA AZUL;R PALMIRA MAIA COSTA, 408 NORDELANDIA;MASCULINO;NEGRA;19;NI;NI;ARMA DE FOGO;junho;7;sábado;ADULTO;4;MADRUGADA
HOMICIDIO;07:56;LAGOA AZUL;R PALMIRA MAIA COSTA, 408 NORDELANDIA;MASCULINO;NEGRA;24;NI;NI;ARMA DE FOGO;junho;7;sábado;ADULTO;8;MATUTINO
HOMICIDIO;10:17;LAGOA AZUL;R ROYAL CINEMA, 2998, NOVA NATAL;MASCULINO;NEGRA;22;NI;NI;ARMA DE FOGO;junho;30;segunda-feira;ADULTO;10;MATUTINO
HOMICIDIO;18:00;LAGOA AZUL;TV DOS BORGES, LOTEAMENTO JOSE SARNEY;FEMININO;PARDA;28;NI;NI;ARMA DE FOGO;junho;29;domingo;ADULTO;18;VESPERTINO
HOMICIDIO;21:27;LAGOA NOVA;AV BERNANDO VIEIRA;MASCULINO;NEGRA;28;FLANELINHA;ENSINO FUNDAMENTAL COMPLETO;ARMA BRANCA;outubro;7;terça-feira;ADULTO;21;NOTURNO
HOMICIDIO;21:27;LAGOA NOVA;AV XAVIER DA SILVEIRA;MASCULINO;BRANCA;17;ENTREGADOR;ENSINO FUNDAMENTAL COMPLETO;ARMA DE FOGO;março;8;sábado;ADOLESCENTE;21;NOTURNO
HOMICIDIO;21:37;LAGOA NOVA;AV CAP MOR GOUVEIA;MASCULINO;BRANCA;31;COMERCIANTE;ENSINO MEDIO COMPLETO;ARMA DE FOGO;abril;14;segunda-feira;ADULTO;22;NOTURNO
HOMICIDIO;18:34;LAGOA NOVA;R AMETISTA - CALCADA DA PRACA ;FEMININO;PARDA;19;ESTUDANTE C;ENSINO MEDIO COMPLETO;ARMA DE FOGO;maio;29;quinta-feira;ADULTO;19;NOTURNO
HOMICIDIO;00:13;LAGOA NOVA;R EDUARDO GURGEL;MASCULINO;BRANCA;20;ESTUDANTE C;ENSINO MEDIO COMPLETO;ARMA DE FOGO;março;29;sábado;ADULTO;0;NOTURNO
HOMICIDIO;10:17;LAGOA NOVA;R SAO VICENTE;MASCULINO;NEGRA;31;MECANICO(A);ENSINO MEDIO COMPLETO;ARMA DE FOGO;janeiro;15;quarta-feira;ADULTO;10;MATUTINO
HOMICIDIO;18:00;LAGOA NOVA;VIA PUBLICA, LOTEAMENTO BOA ESPERANCA, NOVA NATAL;MASCULINO;NEGRA;19;REPOSITOR DE ESTOQUE;ENSINO MEDIO COMPLETO;ARMA DE FOGO;setembro;10;quarta-feira;ADULTO;18;VESPERTINO
HOMICIDIO;21:27;LAGOA NOVA;AV SALGADO FILHO, PROXIMO AO PORTUGAL CENTER;MASCULINO;NEGRA;27;DESOCUPADO(A);NI;ARMA BRANCA;agosto;30;sábado;ADULTO;21;NOTURNO
HOMICIDIO;21:02;LAGOA NOVA;R ESTACIO DE SA;MASCULINO;PARDA;33;NI;NI;ARMA DE FOGO;julho;3;quinta-feira;ADULTO;21;NOTURNO
HOMICIDIO;23:51;LAGOA NOVA;R LAURO MEDEIROS;MASCULINO;PARDA;23;DESOCUPADO(A);NI;ARMA DE FOGO;março;20;quinta-feira;ADULTO;24;NOTURNO
HOMICIDIO;18:27;LAGOA NOVA;R PERITO JOSE LOURENCO;MASCULINO;PARDA;65;APOSENTADO(A);NI;ESPANCAMENTO;julho;11;sexta-feira;IDOSO;18;VESPERTINO
LESAO CORPORAL SEGUIDA DE MORTE;23:41;LAGOA NOVA;AV: BERNARDO VIEIRA;MASCULINO;NEGRA;40;NI;NI;OBJETO CONTUNDENTE;outubro;25;sábado;ADULTO;24;NOTURNO
HOMICIDIO;05:15;LAGOA NOVA;R AMETISTA - CALCADA DA PRACA ;MASCULINO;PARDA;28;ESTUDANTE D;SUPERIOR;ARMA DE FOGO;maio;29;quinta-feira;ADULTO;5;MADRUGADA
HOMICIDIO;17:59;LAGOA SECA;R RITINHA COELHO S/N ;MASCULINO;PARDA;16;MENOR SEM OCUPACAO;NI;ARMA DE FOGO;novembro;16;domingo;ADOLESCENTE;18;VESPERTINO
LESAO CORPORAL SEGUIDA DE MORTE;04:47;LAGOA SECA;R JOSE FARACHE, EM FRENTE A LOJA FENIX (PROX AO MIDWAY MALL);MASCULINO;PARDA;21;NI;NI;OBJETO CONTUNDENTE;dezembro;24;quarta-feira;ADULTO;5;MADRUGADA
HOMICIDIO;20:25;MÃE LUÍZA;R CAMARAGIBE;MASCULINO;PARDA;52;SERVENTE DE OBRAS;ENSINO FUNDAMENTAL COMPLETO;ARMA BRANCA;abril;18;sexta-feira;ADULTO;20;NOTURNO
HOMICIDIO;22:55;MÃE LUÍZA;R JAO XXIII ;MASCULINO;PARDA;23;ENTREGADOR DE GAS;ENSINO FUNDAMENTAL COMPLETO;ARMA BRANCA;novembro;26;quarta-feira;ADULTO;23;NOTURNO
HOMICIDIO;NI;MÃE LUÍZA;R ATALAIA, 791;FEMININO;PARDA;36;AGRICULTOR(A);ENSINO FUNDAMENTAL COMPLETO;ARMA DE FOGO;julho;22;terça-feira;ADULTO;NI;NI
HOMICIDIO;18:00;MÃE LUÍZA;R JOAO XXIII, ESQUINA DA 4ª TV, PROXIMO A IGREJA;MASCULINO;NEGRA;29;BISCATEIRO;ENSINO FUNDAMENTAL COMPLETO;ARMA DE FOGO;julho;27;domingo;ADULTO;18;VESPERTINO
HOMICIDIO;18:00;MÃE LUÍZA;TV LARGO DO FAROL Nº 02;MASCULINO;NEGRA;21;SERVENTE DE OBRAS;ENSINO FUNDAMENTAL COMPLETO;ARMA DE FOGO;fevereiro;2;domingo;ADULTO;18;VESPERTINO
HOMICIDIO;NI;MÃE LUÍZA;R GUANABARA - EM FRENTE AO BAR DO DIDI;MASCULINO;BRANCA;22;ESTUDANTE C;ENSINO MEDIO COMPLETO;ARMA DE FOGO;março;10;segunda-feira;ADULTO;NI;NI
HOMICIDIO;01:48;MÃE LUÍZA;R JOAO XXIII, EM FRENTE AO Nº 749;MASCULINO;NEGRA;32;MOTORISTA;ENSINO MEDIO COMPLETO;ARMA DE FOGO;agosto;17;domingo;ADULTO;2;MADRUGADA
HOMICIDIO;19:27;MÃE LUÍZA;R LARGO DO FAROL - FRONTEIRA;MASCULINO;PARDA;18;ESTUDANTE C;ENSINO MEDIO COMPLETO;ARMA DE FOGO;fevereiro;22;sábado;ADULTO;19;NOTURNO
HOMICIDIO;22:55;MÃE LUÍZA;"NA TV JABOATAO, CONHECIDA COMO ""BECO DO VEINHO"", PROX A R CAMARAGIBE, PROX A MERCEARIA DO ROMUALDO";MASCULINO;NEGRA;17;MENOR SEM OCUPACAO;NI;ARMA DE FOGO;junho;6;sexta-feira;ADOLESCENTE;23;NOTURNO
HOMICIDIO;12:53;MÃE LUÍZA;R GUANABARA;MASCULINO;NEGRA;28;NI;NI;ARMA DE FOGO;abril;12;sábado;ADULTO;13;VESPERTINO
HOMICIDIO;NI;MÃE LUÍZA;R GUANABARA;MASCULINO;NEGRA;41;NI;NI;ARMA DE FOGO;junho;29;domingo;ADULTO;NI;NI
HOMICIDIO;15:38;MÃE LUÍZA;R SAQUAREMA VP;MASCULINO;NEGRA;18;DESOCUPADO(A);NI;ARMA DE FOGO;janeiro;11;sábado;ADULTO;16;VESPERTINO
HOMICIDIO;NI;MÃE LUÍZA;5ª TV JOAO XXIII;MASCULINO;PARDA;30;NI;NI;ARMA DE FOGO;outubro;27;segunda-feira;ADULTO;NI;NI
HOMICIDIO;18:00;MÃE LUÍZA;ENCONTRADO NA TV FLORESTAL EM FRENTE AO Nº 36;MASCULINO;NEGRA;17;MENOR SEM OCUPACAO;NI;ARMA DE FOGO;setembro;30;terça-feira;ADOLESCENTE;18;VESPERTINO
HOMICIDIO;05:52;MÃE LUÍZA;R NOVA;MASCULINO;PARDA;20;NI;NI;ARMA DE FOGO;novembro;23;domingo;ADULTO;6;MADRUGADA
HOMICIDIO;18:00;MÃE LUÍZA;R SAQUAREMA;MASCULINO;NEGRA;30;NI;NI;ARMA DE FOGO;novembro;30;domingo;ADULTO;18;VESPERTINO
HOMICIDIO;18:00;NEÓPOLIS;R SAO MIGUEL DOS CARIBES;MASCULINO;BRANCA;46;VENDEDOR AUTONOMO;ENSINO FUNDAMENTAL COMPLETO;ARMA DE FOGO;março;16;domingo;ADULTO;18;VESPERTINO
HOMICIDIO;09:25;NEÓPOLIS;AV AYRTON SENNA;MASCULINO;BRANCA;25;MOTOTAXISTA;ENSINO MEDIO COMPLETO;ARMA DE FOGO;abril;22;terça-feira;ADULTO;9;MATUTINO
HOMICIDIO;23:38;NEÓPOLIS;AV AYRTON SENNA;MASCULINO;BRANCA;22;VIGILANTE;ENSINO MEDIO COMPLETO;ARMA DE FOGO;fevereiro;26;quarta-feira;ADULTO;24;NOTURNO
MATRICIDIO;22:05;NEÓPOLIS;R CAMPANARIO Nº 4934;FEMININO;BRANCA;80;APOSENTADO(A);NI;ARMA BRANCA;fevereiro;9;domingo;IDOSO;22;NOTURNO
HOMICIDIO;18:00;NEÓPOLIS;R DOS IPES;MASCULINO;NEGRA;29;DESOCUPADO(A);NI;ARMA DE FOGO;julho;29;terça-feira;ADULTO;18;VESPERTINO
HOMICIDIO;17:10;NEÓPOLIS;CENTRO DE DETENCAO PROVISORIA DE PIRANGI: ;MASCULINO;NEGRA;27;DETENTO;NI;ASFIXIA MECANICA PROVOCADA;janeiro;10;sexta-feira;ADULTO;17;VESPERTINO
HOMICIDIO;21:27;NEÓPOLIS;R DRA MIRIAM PINHEIRO VIEIRA DE SOUZA, CONDOMINIO MONTECARLO, CASA 10;MASCULINO;BRANCA;50;EMPRESARIO(A);SUPERIOR;ARMA DE FOGO;maio;19;segunda-feira;ADULTO;21;NOTURNO
LESAO CORPORAL SEGUIDA DE MORTE;12:53;NI;HOSPITAL WAFREDO GURGEL;MASCULINO;PARDA;16;SERVENTE DE OBRAS;ENSINO FUNDAMENTAL COMPLETO;ARMA DE FOGO;julho;21;segunda-feira;ADOLESCENTE;13;VESPERTINO
LESAO CORPORAL SEGUIDA DE MORTE;23:35;NI;HOSPITAL WAFREDO GURGEL;MASCULINO;NEGRA;25;SERVENTE DE OBRAS;ENSINO FUNDAMENTAL COMPLETO;ARMA DE FOGO;agosto;21;quinta-feira;ADULTO;24;NOTURNO
LESAO CORPORAL SEGUIDA DE MORTE;23:41;NI;HOSPITAL WAFREDO GURGEL;MASCULINO;NEGRA;23;AGRICULTOR(A);ENSINO FUNDAMENTAL COMPLETO;OBJETO CONTUNDENTE;maio;26;segunda-feira;ADULTO;24;NOTURNO
LESAO CORPORAL SEGUIDA DE MORTE;12:53;NI;HOSPITAL WAFREDO GURGEL;MASCULINO;PARDA;18;SERIGRAFISTA;ENSINO MEDIO COMPLETO;ARMA DE FOGO;julho;24;quinta-feira;ADULTO;13;VESPERTINO
LESAO CORPORAL SEGUIDA DE MORTE;06:53;NI;HOSPITAL WAFREDO GURGEL;MASCULINO;PARDA;28;NI;NI;ARMA BRANCA;outubro;28;terça-feira;ADULTO;7;MATUTINO
LESAO CORPORAL SEGUIDA DE MORTE;NI;NI;HOSPITAL WAFREDO GURGEL;MASCULINO;PARDA;38;NI;NI;ARMA BRANCA;outubro;18;sábado;ADULTO;NI;NI
LESAO CORPORAL SEGUIDA DE MORTE;23:57;NI;HOSPITAL DIOCLECIO MARQUES LUCENA;MASCULINO;PARDA;22;NI;NI;ARMA DE FOGO;dezembro;24;quarta-feira;ADULTO;24;NOTURNO
LESAO CORPORAL SEGUIDA DE MORTE;03:32;NI;HOSPITAL WAFREDO GURGEL;MASCULINO;PARDA;25;NI;NI;ARMA DE FOGO;fevereiro;16;domingo;ADULTO;4;MADRUGADA
LESAO CORPORAL SEGUIDA DE MORTE;22:05;NI;HOSPITAL WAFREDO GURGEL;MASCULINO;PARDA;29;NI;NI;ARMA DE FOGO;novembro;18;terça-feira;ADULTO;22;NOTURNO
LESAO CORPORAL SEGUIDA DE MORTE;06:06;NI;HOSPITAL WAFREDO GURGEL;MASCULINO;PARDA;38;NI;NI;ARMA DE FOGO;novembro;21;sexta-feira;ADULTO;6;MADRUGADA
LESAO CORPORAL SEGUIDA DE MORTE;20:01;NI;HOSPITAL WAFREDO GURGEL;MASCULINO;PARDA;16;MENOR SEM OCUPACAO;NI;ARMA DE FOGO;dezembro;31;quarta-feira;ADOLESCENTE;20;NOTURNO
LESAO CORPORAL SEGUIDA DE MORTE;20:41;NI;HOSPITAL WAFREDO GURGEL;MASCULINO;PARDA;16;MENOR SEM OCUPACAO;NI;ARMA DE FOGO;novembro;2;domingo;ADOLESCENTE;21;NOTURNO
LESAO CORPORAL SEGUIDA DE MORTE;20:18;NI;HOSPITAL WAFREDO GURGEL;MASCULINO;PARDA;17;MENOR SEM OCUPACAO;NI;ARMA DE FOGO;outubro;25;sábado;ADOLESCENTE;20;NOTURNO
HOMICIDIO;21:27;NORDESTE;NI;MASCULINO;PARDA;16;ESTUDANTE B;ENSINO FUNDAMENTAL COMPLETO;ARMA DE FOGO;setembro;23;terça-feira;ADOLESCENTE;21;NOTURNO
HOMICIDIO;23:50;NORDESTE;VIA PUBLIA NA AV RANIERI MAZZILLI;MASCULINO;NEGRA;22;VENDEDOR AUTONOMO;ENSINO FUNDAMENTAL COMPLETO;ARMA DE FOGO;setembro;7;domingo;ADULTO;24;NOTURNO
HOMICIDIO;19:15;NORDESTE;NI;MASCULINO;BRANCA;24;NI;NI;ARMA DE FOGO;outubro;29;quarta-feira;ADULTO;19;NOTURNO
HOMICIDIO;16:10;NORDESTE;ACADEMIA PUBLICA;MASCULINO;NEGRA;29;ESTUDANTE D;SUPERIOR;ARMA DE FOGO;julho;28;segunda-feira;ADULTO;16;VESPERTINO
HOMICIDIO;19:05;NOSSA SENHORA DE NAZARÉ;R EXPEDICIONARIO ADBAL DA CAMARA EM FRENTE AO Nº 33;FEMININO;PARDA;24;VENDEDOR AUTONOMO;ENSINO FUNDAMENTAL COMPLETO;ARMA DE FOGO;janeiro;16;quinta-feira;ADULTO;19;NOTURNO
HOMICIDIO;18:00;NOSSA SENHORA DE NAZARÉ;R JOAO TRAJANO Nº 2029;MASCULINO;BRANCA;34;VENDEDOR AUTONOMO;ENSINO FUNDAMENTAL COMPLETO;ARMA DE FOGO;março;16;domingo;ADULTO;18;VESPERTINO
HOMICIDIO;20:48;NOSSA SENHORA DE NAZARÉ;R DOS CAICOS LC;MASCULINO;NEGRA;16;ESTUDANTE C;ENSINO MEDIO COMPLETO;ARMA DE FOGO;janeiro;10;sexta-feira;ADOLESCENTE;21;NOTURNO
HOMICIDIO;NI;NOSSA SENHORA DE NAZARÉ;R LEOPOLDO BELTRANO COM A TV JERONIMO CAMARA;MASCULINO;BRANCA;18;DESOCUPADO(A);NI;ARMA BRANCA;abril;19;sábado;ADULTO;NI;NI
HOMICIDIO;NI;NOSSA SENHORA DE NAZARÉ;R HERMITA CANSACAO;MASCULINO;BRANCA;26;DESEMPREGADO;NI;ARMA DE FOGO;março;22;sábado;ADULTO;NI;NI
HOMICIDIO;18:00;NOSSA SENHORA DE NAZARÉ;R PEDRO TARGINO ;MASCULINO;PARDA;27;NI;NI;ARMA DE FOGO;outubro;13;segunda-feira;ADULTO;18;VESPERTINO
HOMICIDIO;07:10;NOSSA SENHORA DE NAZARÉ;R RUBENS MARIZ;MASCULINO;NEGRA;27;NI;NI;ARMA DE FOGO;julho;5;sábado;ADULTO;7;MATUTINO
HOMICIDIO;22:19;NOSSA SRA DA APRESENTAÇÃO;AV BOA SORTE;MASCULINO;PARDA;31;CABELEIREIRO(A);ENSINO FUNDAMENTAL COMPLETO;ARMA DE FOGO;dezembro;4;quinta-feira;ADULTO;22;NOTURNO
HOMICIDIO;NI;NOSSA SRA DA APRESENTAÇÃO;AV BOA SORTE;MASCULINO;PARDA;19;SERVENTE DE OBRAS;ENSINO FUNDAMENTAL COMPLETO;ARMA DE FOGO;maio;10;sábado;ADULTO;NI;NI
HOMICIDIO;17:10;NOSSA SRA DA APRESENTAÇÃO;AV DAS FRONTEIRAS;MASCULINO;NEGRA;45;AGRICULTOR(A);ENSINO FUNDAMENTAL COMPLETO;ARMA DE FOGO;maio;29;quinta-feira;ADULTO;17;VESPERTINO
LATROCINIO;13:38;NOSSA SRA DA APRESENTAÇÃO;AV INDUSTRIAL;MASCULINO;NEGRA;20;ACOUGUEIRO(A);ENSINO FUNDAMENTAL COMPLETO;ARMA DE FOGO;setembro;24;quarta-feira;ADULTO;14;VESPERTINO
HOMICIDIO;21:27;NOSSA SRA DA APRESENTAÇÃO;AV INDUSTRIAL;FEMININO;PARDA;24;DO LAR;ENSINO FUNDAMENTAL COMPLETO;ARMA DE FOGO;março;2;domingo;ADULTO;21;NOTURNO
HOMICIDIO;12:50;NOSSA SRA DA APRESENTAÇÃO;ENCONTRADO NA R MARIA DO CARMO NAVARRO;MASCULINO;PARDA;23;CARROCEIRO;ENSINO FUNDAMENTAL COMPLETO;ARMA DE FOGO;setembro;14;domingo;ADULTO;13;VESPERTINO
HOMICIDIO;18:00;NOSSA SRA DA APRESENTAÇÃO;R AFONSO MAGALHOES;MASCULINO;NEGRA;27;VENDEDOR AUTONOMO;ENSINO FUNDAMENTAL COMPLETO;ARMA DE FOGO;agosto;27;quarta-feira;ADULTO;18;VESPERTINO
LATROCINIO;18:00;NOSSA SRA DA APRESENTAÇÃO;R DEPUTADO JOAQUIM INACIO DE CARVALHO NETO - Nº 486 - JARDIM PROGRESSO;MASCULINO;NEGRA;43;PEDREIRO;ENSINO FUNDAMENTAL COMPLETO;ARMA DE FOGO;maio;7;quarta-feira;ADULTO;18;VESPERTINO
HOMICIDIO;19:44;NOSSA SRA DA APRESENTAÇÃO;R JOAO ANISIO (LOTEAMENTO JARDIM PROGRESSO);MASCULINO;PARDA;57;AGRICULTOR(A);ENSINO FUNDAMENTAL COMPLETO;ARMA DE FOGO;abril;26;sábado;ADULTO;20;NOTURNO
HOMICIDIO;NI;NOSSA SRA DA APRESENTAÇÃO;R MANOEL MARIA - PROXIMO AO MERCADINHO SAO JORGE;MASCULINO;BRANCA;19;SERVENTE DE OBRAS;ENSINO FUNDAMENTAL COMPLETO;ARMA DE FOGO;março;2;domingo;ADULTO;NI;NI
HOMICIDIO;21:37;NOSSA SRA DA APRESENTAÇÃO;R MONTE DAS GAMELEIRAS;MASCULINO;PARDA;14;PEDREIRO;ENSINO FUNDAMENTAL COMPLETO;ARMA DE FOGO;setembro;14;domingo;ADOLESCENTE;22;NOTURNO
HOMICIDIO;19:15;NOSSA SRA DA APRESENTAÇÃO;R PEDRA BRANCA E A R MARANGUAPE;FEMININO;PARDA;17;ESTUDANTE B;ENSINO FUNDAMENTAL COMPLETO;ARMA DE FOGO;janeiro;16;quinta-feira;ADOLESCENTE;19;NOTURNO
HOMICIDIO;23:35;NOSSA SRA DA APRESENTAÇÃO;R POETA WALTER VARELA LC;MASCULINO;NEGRA;23;SERVENTE DE OBRAS;ENSINO FUNDAMENTAL COMPLETO;ARMA DE FOGO;janeiro;7;terça-feira;ADULTO;24;NOTURNO
HOMICIDIO;12:50;NOSSA SRA DA APRESENTAÇÃO;R RECANTO DAS PRINCESAS - 420/3 - VALE DOURADO;MASCULINO;PARDA;42;SERVENTE DE OBRAS;ENSINO FUNDAMENTAL COMPLETO;ARMA DE FOGO;agosto;30;sábado;ADULTO;13;VESPERTINO
HOMICIDIO;18:00;NOSSA SRA DA APRESENTAÇÃO;R RIZOMAR CORREIA DOS SANTOS;MASCULINO;PARDA;19;GESSEIRO;ENSINO FUNDAMENTAL COMPLETO;ARMA DE FOGO;abril;1;terça-feira;ADULTO;18;VESPERTINO
HOMICIDIO;NI;NOSSA SRA DA APRESENTAÇÃO;R SAMPAIO CORREIA;MASCULINO;BRANCA;18;AUXILIAR DE CARPINTEIRO;ENSINO FUNDAMENTAL COMPLETO;ARMA DE FOGO;fevereiro;21;sexta-feira;ADULTO;NI;NI
HOMICIDIO;09:25;NOSSA SRA DA APRESENTAÇÃO;R SAMPAIO CORREIA - LOT. ALIANCA;MASCULINO;BRANCA;24;ENCARREGADO;ENSINO FUNDAMENTAL COMPLETO;ARMA DE FOGO;fevereiro;11;terça-feira;ADULTO;9;MATUTINO
HOMICIDIO;NI;NOSSA SRA DA APRESENTAÇÃO;TV IRMA VITORIA;FEMININO;PARDA;32;DO LAR;ENSINO FUNDAMENTAL COMPLETO;ARMA DE FOGO;março;19;quarta-feira;ADULTO;NI;NI
HOMICIDIO;00:13;NOSSA SRA DA APRESENTAÇÃO;TV IRMA VITORIA;MASCULINO;PARDA;31;SERVENTE DE OBRAS;ENSINO FUNDAMENTAL COMPLETO;ARMA DE FOGO;março;19;quarta-feira;ADULTO;0;NOTURNO
HOMICIDIO;19:13;NOSSA SRA DA APRESENTAÇÃO;TV LIBANES, 56,;MASCULINO;PARDA;58;PEDREIRO;ENSINO FUNDAMENTAL COMPLETO;ARMA DE FOGO;dezembro;4;quinta-feira;ADULTO;19;NOTURNO
HOMICIDIO;19:03;NOSSA SRA DA APRESENTAÇÃO;TV SANTA ANA;MASCULINO;PARDA;23;SERVENTE DE OBRAS;ENSINO FUNDAMENTAL COMPLETO;ARMA DE FOGO;março;28;sexta-feira;ADULTO;19;NOTURNO
HOMICIDIO;12:50;NOSSA SRA DA APRESENTAÇÃO;TV SAO JOSE, JARDIM PROGRESSO;FEMININO;PARDA;27;VENDEDOR AUTONOMO;ENSINO FUNDAMENTAL COMPLETO;ARMA DE FOGO;setembro;17;quarta-feira;ADULTO;13;VESPERTINO
HOMICIDIO;22:52;NOSSA SRA DA APRESENTAÇÃO;TV TARCISIO RIBEIRO;MASCULINO;PARDA;19;AUXILIAR ELETRICISTA;ENSINO FUNDAMENTAL COMPLETO;ARMA DE FOGO;janeiro;25;sábado;ADULTO;23;NOTURNO
HOMICIDIO;18:34;NOSSA SRA DA APRESENTAÇÃO;TV TARCISIO RIBEIRO;MASCULINO;PARDA;18;SERVENTE DE OBRAS;ENSINO FUNDAMENTAL COMPLETO;ARMA DE FOGO;janeiro;25;sábado;ADULTO;19;NOTURNO
HOMICIDIO;18:00;NOSSA SRA DA APRESENTAÇÃO;AV MARANGUAPE;MASCULINO;PARDA;54;VENDEDOR AUTONOMO;ENSINO FUNDAMENTAL COMPLETO;ESPANCAMENTO;maio;15;quinta-feira;ADULTO;18;VESPERTINO
HOMICIDIO;01:09;NOSSA SRA DA APRESENTAÇÃO;TV MARCELITA;MASCULINO;BRANCA;39;CABELEIREIRO(A);ENSINO FUNDAMENTAL COMPLETO;ESPANCAMENTO;novembro;16;domingo;ADULTO;1;NOTURNO
HOMICIDIO;23:57;NOSSA SRA DA APRESENTAÇÃO;3ª TV AGUA, S/N AO LADO DA CASA DE Nº 40, PARQUE DOS COQUEIROS;MASCULINO;PARDA;25;ELETRICISTA;ENSINO MEDIO COMPLETO;ARMA DE FOGO;agosto;2;sábado;ADULTO;24;NOTURNO
HOMICIDIO;23:21;NOSSA SRA DA APRESENTAÇÃO;3ª TV AGUA, S/N AO LADO DA CASA DE Nº 40, PARQUE DOS COQUEIROS;MASCULINO;PARDA;22;MOTORISTA;ENSINO MEDIO COMPLETO;ARMA DE FOGO;agosto;2;sábado;ADULTO;23;NOTURNO
HOMICIDIO;18:00;NOSSA SRA DA APRESENTAÇÃO;AV MARANGUAPE;FEMININO;PARDA;13;ESTUDANTE C;ENSINO MEDIO COMPLETO;ARMA DE FOGO;fevereiro;23;domingo;ADOLESCENTE;18;VESPERTINO
HOMICIDIO;18:00;NOSSA SRA DA APRESENTAÇÃO;AV MARANGUAPE;MASCULINO;NEGRA;20;MOTORISTA;ENSINO MEDIO COMPLETO;ARMA DE FOGO;setembro;25;quinta-feira;ADULTO;18;VESPERTINO
HOMICIDIO;14:45;NOSSA SRA DA APRESENTAÇÃO;AV: SAMPAIO CORREIA - PROXIMO A UMA CASA DE SHOW - JADIM PROGRESSO ;MASCULINO;NEGRA;14;ESTUDANTE C;ENSINO MEDIO COMPLETO;ARMA DE FOGO;dezembro;26;sexta-feira;ADOLESCENTE;15;VESPERTINO
HOMICIDIO;NI;NOSSA SRA DA APRESENTAÇÃO;R ANTONIO VIANA;MASCULINO;NEGRA;45;MOTORISTA;ENSINO MEDIO COMPLETO;ARMA DE FOGO;maio;18;domingo;ADULTO;NI;NI
HOMICIDIO;23:51;NOSSA SRA DA APRESENTAÇÃO;R DA INDEPENDENCIA;MASCULINO;NEGRA;20;ESTUDANTE C;ENSINO MEDIO COMPLETO;ARMA DE FOGO;agosto;1;sexta-feira;ADULTO;24;NOTURNO
HOMICIDIO;18:00;NOSSA SRA DA APRESENTAÇÃO;R DAS LARANJEIRAS LC;MASCULINO;BRANCA;28;MECANICO(A);ENSINO MEDIO COMPLETO;ARMA DE FOGO;janeiro;3;sexta-feira;ADULTO;18;VESPERTINO
LATROCINIO;20:02;NOSSA SRA DA APRESENTAÇÃO;R DOS CANAEIROS Nº 32 LC;FEMININO;NEGRA;32;COMERCIANTE;ENSINO MEDIO COMPLETO;ARMA DE FOGO;janeiro;9;quinta-feira;ADULTO;20;NOTURNO
HOMICIDIO;NI;NOSSA SRA DA APRESENTAÇÃO;R MANAIRA, CONJ ALVORADA 4 CJ;MASCULINO;NEGRA;20;ESTUDANTE C;ENSINO MEDIO COMPLETO;ARMA DE FOGO;outubro;7;terça-feira;ADULTO;NI;NI
HOMICIDIO;18:00;NOSSA SRA DA APRESENTAÇÃO;R PORTAL DAS FRONTEIRAS;FEMININO;NEGRA;24;VENDEDOR DE LOJA;ENSINO MEDIO COMPLETO;ARMA DE FOGO;janeiro;14;terça-feira;ADULTO;18;VESPERTINO
HOMICIDIO;10:19;NOSSA SRA DA APRESENTAÇÃO;R RUTH MONTEIRO;MASCULINO;NEGRA;25;GARCOM;ENSINO MEDIO COMPLETO;ARMA DE FOGO;julho;5;sábado;ADULTO;10;MATUTINO
HOMICIDIO;18:00;NOSSA SRA DA APRESENTAÇÃO;TV JOSE LUIZ DA SILVA Nº 32;MASCULINO;BRANCA;38;COMERCIANTE;ENSINO MEDIO COMPLETO;ARMA DE FOGO;março;7;sexta-feira;ADULTO;18;VESPERTINO
HOMICIDIO;16:12;NOSSA SRA DA APRESENTAÇÃO;TV SEBASTIAO ANDRADE;MASCULINO;PARDA;18;ESTUDANTE C;ENSINO MEDIO COMPLETO;ARMA DE FOGO;março;20;quinta-feira;ADULTO;16;VESPERTINO
LESAO CORPORAL SEGUIDA DE MORTE;21:27;NOSSA SRA DA APRESENTAÇÃO;R JOAO ANIZIO, AO LADO DO MERCADINHO CENTRAL, JARDIM PROGRESSO;FEMININO;PARDA;15;ESTUDANTE C;ENSINO MEDIO COMPLETO;ESPANCAMENTO;julho;5;sábado;ADOLESCENTE;21;NOTURNO
HOMICIDIO;NI;NOSSA SRA DA APRESENTAÇÃO;AV TRES IRMAOS;MASCULINO;BRANCA;50;APOSENTADO(A);NI;ARMA BRANCA;abril;21;segunda-feira;ADULTO;NI;NI
HOMICIDIO;01:41;NOSSA SRA DA APRESENTAÇÃO;AV BOA SORTE;MASCULINO;BRANCA;34;RECICLADOR;NI;ARMA DE FOGO;abril;12;sábado;ADULTO;2;MADRUGADA
HOMICIDIO;12:50;NOSSA SRA DA APRESENTAÇÃO;AV MARANGUAPE;FEMININO;PARDA;17;MENOR SEM OCUPACAO;NI;ARMA DE FOGO;setembro;13;sábado;ADOLESCENTE;13;VESPERTINO
HOMICIDIO;22:29;NOSSA SRA DA APRESENTAÇÃO;AV PRIMAVERA;MASCULINO;NEGRA;20;DESOCUPADO(A);NI;ARMA DE FOGO;maio;25;domingo;ADULTO;22;NOTURNO
HOMICIDIO;14:45;NOSSA SRA DA APRESENTAÇÃO;AV SANTAREM, VALE DOURADO;MASCULINO;PARDA;23;NI;NI;ARMA DE FOGO;dezembro;29;segunda-feira;ADULTO;15;VESPERTINO
HOMICIDIO;19:51;NOSSA SRA DA APRESENTAÇÃO;JARDIM PROGRESSO;MASCULINO;NEGRA;33;NI;NI;ARMA DE FOGO;agosto;10;domingo;ADULTO;20;NOTURNO
HOMICIDIO;16:29;NOSSA SRA DA APRESENTAÇÃO;R CHICO MENDES;MASCULINO;NEGRA;17;MENOR SEM OCUPACAO;NI;ARMA DE FOGO;junho;1;domingo;ADOLESCENTE;16;VESPERTINO
HOMICIDIO;18:00;NOSSA SRA DA APRESENTAÇÃO;R COMANDANTE BALDUINO;MASCULINO;NEGRA;40;NI;NI;ARMA DE FOGO;dezembro;29;segunda-feira;ADULTO;18;VESPERTINO
HOMICIDIO;17:10;NOSSA SRA DA APRESENTAÇÃO;R DO CARCERES, VALED DOURADO;MASCULINO;PARDA;16;MENOR SEM OCUPACAO;NI;ARMA DE FOGO;julho;26;sábado;ADOLESCENTE;17;VESPERTINO
HOMICIDIO;23:51;NOSSA SRA DA APRESENTAÇÃO;R DOS PORTUGUESES;MASCULINO;NEGRA;20;DESEMPREGADO;NI;ARMA DE FOGO;agosto;4;segunda-feira;ADULTO;24;NOTURNO
HOMICIDIO;16:44;NOSSA SRA DA APRESENTAÇÃO;R FLORA, LOTEAMENTO JARDIM PROGRESSO;MASCULINO;PARDA;17;MENOR SEM OCUPACAO;NI;ARMA DE FOGO;outubro;27;segunda-feira;ADOLESCENTE;17;VESPERTINO
HOMICIDIO;NI;NOSSA SRA DA APRESENTAÇÃO;R JOAO PAULO II LOT. VALE DOURADO;MASCULINO;PARDA;25;NI;NI;ARMA DE FOGO;outubro;26;domingo;ADULTO;NI;NI
HOMICIDIO;20:01;NOSSA SRA DA APRESENTAÇÃO;R JOAQUIM MORTIN 5-A, VALE DOURADO;MASCULINO;NEGRA;21;NI;NI;ARMA DE FOGO;junho;14;sábado;ADULTO;20;NOTURNO
HOMICIDIO;21:37;NOSSA SRA DA APRESENTAÇÃO;R JOSE TORRES, VALE DOURADO;MASCULINO;NEGRA;40;NI;NI;ARMA DE FOGO;setembro;17;quarta-feira;ADULTO;22;NOTURNO
HOMICIDIO;20:44;NOSSA SRA DA APRESENTAÇÃO;R MANOEL MARIA - EM FRENTE Nº 337 - JARDIM PROGRESSO;MASCULINO;PARDA;20;DESOCUPADO(A);NI;ARMA DE FOGO;fevereiro;26;quarta-feira;ADULTO;21;NOTURNO
HOMICIDIO;17:12;NOSSA SRA DA APRESENTAÇÃO;R NOVA COLINA, 70;MASCULINO;BRANCA;20;NI;NI;ARMA DE FOGO;outubro;29;quarta-feira;ADULTO;17;VESPERTINO
HOMICIDIO;20:18;NOSSA SRA DA APRESENTAÇÃO;R PADRE CICERO - LOTEAMENTO JARDIM PROGRESSO;MASCULINO;NEGRA;49;NI;NI;ARMA DE FOGO;dezembro;15;segunda-feira;ADULTO;20;NOTURNO
HOMICIDIO;22:12;NOSSA SRA DA APRESENTAÇÃO;R PONTE NOVA, VALE DOURADO;MASCULINO;PARDA;25;NI;NI;ARMA DE FOGO;novembro;11;terça-feira;ADULTO;22;NOTURNO
HOMICIDIO;18:00;NOSSA SRA DA APRESENTAÇÃO;R RIZOMAR CORREIA DOS SANTOS;MASCULINO;NEGRA;20;FEIRANTE;NI;ARMA DE FOGO;abril;12;sábado;ADULTO;18;VESPERTINO
HOMICIDIO;19:07;NOSSA SRA DA APRESENTAÇÃO;R SAO SEBASTIAO, LOTEAMENTO JARDIM PROGRESSO;MASCULINO;NEGRA;39;DESOCUPADO(A);NI;ARMA DE FOGO;julho;15;terça-feira;ADULTO;19;NOTURNO
HOMICIDIO;23:22;NOSSA SRA DA APRESENTAÇÃO;R SAO SEBASTIAO, LOTEAMENTO JARDIM PROGRESSO;MASCULINO;NEGRA;41;DESOCUPADO(A);NI;ARMA DE FOGO;julho;15;terça-feira;ADULTO;23;NOTURNO
HOMICIDIO;21:02;NOSSA SRA DA APRESENTAÇÃO;R SEIS DE OUTUBRO, JARDIM PROGRESSO;MASCULINO;PARDA;42;NI;NI;ARMA DE FOGO;dezembro;31;quarta-feira;ADULTO;21;NOTURNO
HOMICIDIO;NI;NOSSA SRA DA APRESENTAÇÃO;R VALE DO SABUGI, VALE DOURADO;MASCULINO;NEGRA;22;DESOCUPADO(A);NI;ARMA DE FOGO;julho;24;quinta-feira;ADULTO;NI;NI
HOMICIDIO;21:37;NOSSA SRA DA APRESENTAÇÃO;TV JOAO F. DA SILVA, LOTEAMENTO VALE DOURADO;MASCULINO;PARDA;32;DESOCUPADO(A);NI;ARMA DE FOGO;setembro;13;sábado;ADULTO;22;NOTURNO
HOMICIDIO;22:12;NOSSA SRA DA APRESENTAÇÃO;TV JOSE PAULINO, LOTEAMENTO JARDIM PROGRESSO;MASCULINO;BRANCA;30;NI;NI;ARMA DE FOGO;novembro;17;segunda-feira;ADULTO;22;NOTURNO
HOMICIDIO;23:22;NOSSA SRA DA APRESENTAÇÃO;TV NOVA CANAA;MASCULINO;BRANCA;34;DESEMPREGADO;NI;ARMA DE FOGO;abril;20;domingo;ADULTO;23;NOTURNO
HOMICIDIO;18:52;NOSSA SRA DA APRESENTAÇÃO;TV SANTA ANA, JARDIM PROGRESSO;MASCULINO;BRANCA;21;NI;NI;ARMA DE FOGO;dezembro;5;sexta-feira;ADULTO;19;NOTURNO
HOMICIDIO;20:31;NOSSA SRA DA APRESENTAÇÃO;VIA PUBLICA NAO DETERMINADA;MASCULINO;PARDA;60;NI;NI;ARMA DE FOGO;dezembro;1;segunda-feira;IDOSO;21;NOTURNO
HOMICIDIO;15:19;NOSSA SRA DA APRESENTAÇÃO;R DA FE ;MASCULINO;PARDA;27;NI;NI;ESPANCAMENTO;novembro;25;terça-feira;ADULTO;15;VESPERTINO
HOMICIDIO;18:00;NOVA DESCOBERTA;AV XAVIER DA SILVEIRA;MASCULINO;NEGRA;24;SERVENTE DE OBRAS;ENSINO FUNDAMENTAL COMPLETO;ARMA DE FOGO;julho;18;sexta-feira;ADULTO;18;VESPERTINO
HOMICIDIO;20:01;NOVA DESCOBERTA;R DO SUL;MASCULINO;NEGRA;29;CASEIRO;ENSINO FUNDAMENTAL COMPLETO;ARMA DE FOGO;abril;20;domingo;ADULTO;20;NOTURNO
HOMICIDIO;NI;NOVA DESCOBERTA;R PRESBITERO EXPEDITO NEVES;MASCULINO;BRANCA;40;SERVENTE DE OBRAS;ENSINO FUNDAMENTAL COMPLETO;ARMA DE FOGO;abril;25;sexta-feira;ADULTO;NI;NI
HOMICIDIO;NI;NOVA DESCOBERTA;R NELSON MATOS Nº 328;MASCULINO;PARDA;26;TECNICO EM INSTALACAO;ENSINO MEDIO COMPLETO;ARMA DE FOGO;maio;1;quinta-feira;ADULTO;NI;NI
HOMICIDIO;19:06;NOVA DESCOBERTA;R PADRE GERMANO;MASCULINO;BRANCA;27;COPEIRO;ENSINO MEDIO COMPLETO;ARMA DE FOGO;fevereiro;16;domingo;ADULTO;19;NOTURNO
HOMICIDIO;NI;NOVA DESCOBERTA;VIA PUBLICA EM UMA PRACA DE NOVA DESCOBERTA;MASCULINO;PARDA;18;ESTUDANTE C;ENSINO MEDIO COMPLETO;ARMA DE FOGO;novembro;13;quinta-feira;ADULTO;NI;NI
HOMICIDIO;23:38;NOVA DESCOBERTA;AV NORTON CHAVES;MASCULINO;NEGRA;26;DESEMPREGADO;NI;ARMA DE FOGO;julho;3;quinta-feira;ADULTO;24;NOTURNO
HOMICIDIO;10:00;NOVA DESCOBERTA;R REVEREDO WILLIAM POSTER,357;MASCULINO;PARDA;26;NI;NI;ARMA DE FOGO;outubro;19;domingo;ADULTO;10;MATUTINO
LATROCINIO;18:00;NOVA DESCOBERTA;R KEGINALDO CAVALCANTI Nº 188;MASCULINO;BRANCA;74;MILITAR;SUPERIOR;ARMA DE FOGO;fevereiro;7;sexta-feira;IDOSO;18;VESPERTINO
HOMICIDIO;14:10;PAJUÇARA;AV MOEMA TINOCO;MASCULINO;PARDA;17;ESTUDANTE B;ENSINO FUNDAMENTAL COMPLETO;ARMA DE FOGO;janeiro;14;terça-feira;ADOLESCENTE;14;VESPERTINO
HOMICIDIO;22:57;PAJUÇARA;AV POMPEIA;MASCULINO;BRANCA;22;VENDEDOR AUTONOMO;ENSINO FUNDAMENTAL COMPLETO;ARMA DE FOGO;fevereiro;8;sábado;ADULTO;23;NOTURNO
HOMICIDIO;21:27;PAJUÇARA;R MISSAO DE CRISTO A Nº 303;MASCULINO;NEGRA;25;SERVENTE DE OBRAS;ENSINO FUNDAMENTAL COMPLETO;ARMA DE FOGO;fevereiro;4;terça-feira;ADULTO;21;NOTURNO
HOMICIDIO;17:30;PAJUÇARA;R MISSAO DE CRISTO, 05, PARQUE DAS DUNAS;MASCULINO;NEGRA;23;GESSEIRO;ENSINO FUNDAMENTAL COMPLETO;ARMA DE FOGO;agosto;18;segunda-feira;ADULTO;18;VESPERTINO
HOMICIDIO;15:54;PAJUÇARA;R TOCANTINEA Nº 406;MASCULINO;PARDA;21;LAVADOR DE ONIBUS;ENSINO FUNDAMENTAL COMPLETO;ARMA DE FOGO;fevereiro;17;segunda-feira;ADULTO;16;VESPERTINO
HOMICIDIO;21:27;PAJUÇARA;R TROVADOR CARLOS HOMEM DE SIQUEIRA Nº 4;MASCULINO;PARDA;18;SERVENTE DE OBRAS;ENSINO FUNDAMENTAL COMPLETO;ARMA DE FOGO;março;13;quinta-feira;ADULTO;21;NOTURNO
HOMICIDIO;21:27;PAJUÇARA;R TROVADOR CARLOS HOMEM DE SIQUEIRA Nº 4;MASCULINO;PARDA;18;SERVENTE DE OBRAS;ENSINO FUNDAMENTAL COMPLETO;ARMA DE FOGO;março;13;quinta-feira;ADULTO;21;NOTURNO
HOMICIDIO;01:38;PAJUÇARA;R VILMA DE FARIAS Nº 08 LOT. D. PEDRO I LC;MASCULINO;NEGRA;17;ESTUDANTE B;ENSINO FUNDAMENTAL COMPLETO;ARMA DE FOGO;janeiro;11;sábado;ADOLESCENTE;2;MADRUGADA
HOMICIDIO;21:32;PAJUÇARA;AV MOEMA TINOCO;MASCULINO;NEGRA;19;ESTUDANTE C;ENSINO MEDIO COMPLETO;ARMA DE FOGO;agosto;19;terça-feira;ADULTO;22;NOTURNO
HOMICIDIO;NI;PAJUÇARA;R BAJE - PROXIMO COLEGEIO ESTADUAL ZILA MAMEDE - PAJUCARA, I ;MASCULINO;PARDA;19;ESTUDANTE C;ENSINO MEDIO COMPLETO;ARMA DE FOGO;maio;12;segunda-feira;ADULTO;NI;NI
HOMICIDIO;17:10;PAJUÇARA;R DR ALVARO OSORIO DE ALMEIDA (EM FRENTE AO SUPERMERCADO REDE MAIS);MASCULINO;NEGRA;18;ESTUDANTE C;ENSINO MEDIO COMPLETO;ARMA DE FOGO;julho;27;domingo;ADULTO;17;VESPERTINO
HOMICIDIO;18:00;PAJUÇARA;R JOSE SOBRINHO - LOTEAMENTO NOVO HORIZONTE (EM FRENTE A RESIDENCIA DA VITIMA);MASCULINO;BRANCA;44;MOTORISTA;ENSINO MEDIO COMPLETO;ARMA DE FOGO;maio;13;terça-feira;ADULTO;18;VESPERTINO
HOMICIDIO;23:57;PAJUÇARA;R TOCANTINEA Nº 406;MASCULINO;PARDA;33;EMBALADOR;ENSINO MEDIO COMPLETO;ARMA DE FOGO;fevereiro;17;segunda-feira;ADULTO;24;NOTURNO
HOMICIDIO;18:00;PAJUÇARA;R BARRAGEM ARMANDO RIBEIRO;MASCULINO;NEGRA;20;NI;NI;ARMA BRANCA;junho;5;quinta-feira;ADULTO;18;VESPERTINO
HOMICIDIO;14:25;PAJUÇARA;AV DR JOAO MEDEIROS FILHO;MASCULINO;PARDA;24;DESOCUPADO(A);NI;ARMA DE FOGO;abril;13;domingo;ADULTO;14;VESPERTINO
HOMICIDIO;23:51;PAJUÇARA;AV MOEMA TINOCO;MASCULINO;PARDA;29;NI;NI;ARMA DE FOGO;fevereiro;23;domingo;ADULTO;24;NOTURNO
HOMICIDIO;19:44;PAJUÇARA;AV MOEMA TINOCO;MASCULINO;NEGRA;15;MENOR SEM OCUPACAO;NI;ARMA DE FOGO;junho;19;quinta-feira;ADOLESCENTE;20;NOTURNO
HOMICIDIO;22:11;PAJUÇARA;AV POMPEIA;MASCULINO;NEGRA;20;DESOCUPADO(A);NI;ARMA DE FOGO;abril;1;terça-feira;ADULTO;22;NOTURNO
HOMICIDIO;NI;PAJUÇARA;EM FRENTE DE UMA RESIDENCIA NA R JOSIVALDO GOMES, 960, LOT. NOVO HORIZONTE;FEMININO;BRANCA;21;NI;NI;ARMA DE FOGO;setembro;26;sexta-feira;ADULTO;NI;NI
HOMICIDIO;18:00;PAJUÇARA;ENCONTRADO NA AV POMPEIA, LOTEAMENTO DOM PEDRO;MASCULINO;NEGRA;20;DESOCUPADO(A);NI;ARMA DE FOGO;julho;28;segunda-feira;ADULTO;18;VESPERTINO
HOMICIDIO;17:59;PAJUÇARA;R BOA ESPERANCA;MASCULINO;NEGRA;22;NI;NI;ARMA DE FOGO;novembro;16;domingo;ADULTO;18;VESPERTINO
HOMICIDIO;23:38;PAJUÇARA;R CARTEIRO AGNALDO;MASCULINO;BRANCA;21;DESEMPREGADO;NI;ARMA DE FOGO;março;15;sábado;ADULTO;24;NOTURNO
HOMICIDIO;18:00;PAJUÇARA;R CASTELO BRANCO;MASCULINO;PARDA;50;NI;NI;ARMA DE FOGO;junho;26;quinta-feira;ADULTO;18;VESPERTINO
HOMICIDIO;21:49;PAJUÇARA;R MISSAO DE CRISTO, 05, PARQUE DAS DUNAS;MASCULINO;NEGRA;18;DESOCUPADO(A);NI;ARMA DE FOGO;agosto;18;segunda-feira;ADULTO;22;NOTURNO
LATROCINIO;18:00;PAJUÇARA;R SANTA VITORIA - EM FRENTE AS CASAS DE NUMEROS 86 E 79 - PARQUE DAS DUNAS;MASCULINO;PARDA;22;NI;NI;ARMA DE FOGO;maio;4;domingo;ADULTO;18;VESPERTINO
HOMICIDIO;04:57;PAJUÇARA;R SEVERINO TAVARES, VALE DOURADO;FEMININO;PARDA;20;NI;NI;ARMA DE FOGO;junho;27;sexta-feira;ADULTO;5;MADRUGADA
HOMICIDIO;23:57;PAJUÇARA;R TANCREDO NEVES;MASCULINO;PARDA;19;NI;NI;ARMA DE FOGO;outubro;30;quinta-feira;ADULTO;24;NOTURNO
HOMICIDIO;12:20;PAJUÇARA;R TANCREDO NEVES;MASCULINO;PARDA;17;MENOR SEM OCUPACAO;NI;ARMA DE FOGO;outubro;30;quinta-feira;ADOLESCENTE;12;MATUTINO
HOMICIDIO;21:27;PAJUÇARA;R TROVADOR GUMERCIANDO SARAIVA, 471- C 105- RESIDENCIAL LOS ANGELES- LOT. VILAGE;FEMININO;PARDA;18;NI;NI;ARMA DE FOGO;junho;25;quarta-feira;ADULTO;21;NOTURNO
HOMICIDIO;12:13;PAJUÇARA;R TROVADOR GUMERCIANDO SARAIVA, 471- C 105- RESIDENCIAL LOS ANGELES- LOT. VILAGE;MASCULINO;PARDA;19;NI;NI;ARMA DE FOGO;junho;25;quarta-feira;ADULTO;12;MATUTINO
HOMICIDIO;18:00;PAJUÇARA;EM SUA RESIDENCIA NA R TOM JOBIM;MASCULINO;BRANCA;23;NI;NI;NAO IDENTIFICADO;junho;19;quinta-feira;ADULTO;18;VESPERTINO
HOMICIDIO;23:38;PAJUÇARA;R TROVADOR CARLOS HOMEM DE SIQUEIRA, Nº 660;MASCULINO;PARDA;49;CONSULTOR DE VENDAS;SUPERIOR;ARMA DE FOGO;setembro;7;domingo;ADULTO;24;NOTURNO
LATROCINIO;19:44;PETRÓPOLIS;AV FLORIANO PEIXOTO;MASCULINO;PARDA;44;CABELEIREIRO(A);ENSINO FUNDAMENTAL COMPLETO;ARMA DE FOGO;outubro;2;quinta-feira;ADULTO;20;NOTURNO
HOMICIDIO;20:13;PETRÓPOLIS;R TEOFILO BRANDAO - PROXIMO MERCADO PUBLICO DE PETROPOLIS;MASCULINO;BRANCA;17;ESTUDANTE B;ENSINO FUNDAMENTAL COMPLETO;ARMA DE FOGO;maio;13;terça-feira;ADOLESCENTE;20;NOTURNO
HOMICIDIO;21:32;PETRÓPOLIS;AV CGU;MASCULINO;BRANCA;34;COZINHEIRO(A);ENSINO MEDIO COMPLETO;ARMA DE FOGO;março;9;domingo;ADULTO;22;NOTURNO
HOMICIDIO;18:00;PETRÓPOLIS;NO INTERIOR DE UM VEICULO NA AV DEODORO DA FOSECA (EM FRENTE DA CATEDRAL LESTE);FEMININO;PARDA;36;COMERCIANTE;ENSINO MEDIO COMPLETO;ARMA DE FOGO;julho;12;sábado;ADULTO;18;VESPERTINO
LATROCINIO;21:48;PETRÓPOLIS;VIZINHO A PANIFICADORA VIA PANE;MASCULINO;BRANCA;51;POLICIAL CIVIL;SUPERIOR;ARMA DE FOGO;abril;27;domingo;ADULTO;22;NOTURNO
HOMICIDIO;18:00;PITIMBU;R JUAREZ TAVARES LIRA, POR TRAS DO SAM'S CLUB - CONJUNTO SAN VALE;FEMININO;PARDA;33;CABELEIREIRO(A);ENSINO FUNDAMENTAL COMPLETO;ARMA BRANCA;setembro;6;sábado;ADULTO;18;VESPERTINO
HOMICIDIO;21:48;PITIMBU;AV XAVANTES;MASCULINO;NEGRA;48;COMERCIANTE;ENSINO MEDIO COMPLETO;ARMA DE FOGO;janeiro;24;sexta-feira;ADULTO;22;NOTURNO
HOMICIDIO;23:38;PITIMBU;R SERRA DE CANAPUA;MASCULINO;BRANCA;35;VIGILANTE;ENSINO MEDIO COMPLETO;ARMA DE FOGO;março;18;terça-feira;ADULTO;24;NOTURNO
HOMICIDIO;NI;PITIMBU;R JOAQUIM CARDOSO;MASCULINO;BRANCA;21;DESEMPREGADO;NI;ARMA DE FOGO;maio;12;segunda-feira;ADULTO;NI;NI
HOMICIDIO;23:21;PITIMBU;R MARCILIO FURTADO;MASCULINO;BRANCA;25;DESEMPREGADO;NI;ARMA DE FOGO;fevereiro;13;quinta-feira;ADULTO;23;NOTURNO
LATROCINIO;18:27;PITIMBU;R DAS ALGAROBAS -PROXIMO A PANIFICADO VISAO;FEMININO;PARDA;31;ESTUDANTE D;SUPERIOR;ARMA DE FOGO;janeiro;24;sexta-feira;ADULTO;18;VESPERTINO
HOMICIDIO;19:13;PITIMBU;R SERRA DA JUREMA - EM FRENTE A ACADEMIA ALTA PERFOMANCE;MASCULINO;BRANCA;25;PROFESSOR DE LUTAS MARCIAIS;SUPERIOR;ARMA DE FOGO;fevereiro;10;segunda-feira;ADULTO;19;NOTURNO
HOMICIDIO;19:46;PLANALTO;TV FIRMINO DE BRITO;MASCULINO;PARDA;29;SERVENTE DE OBRAS;ENSINO FUNDAMENTAL COMPLETO;ARMA BRANCA;novembro;8;sábado;ADULTO;20;NOTURNO
HOMICIDIO;18:00;PLANALTO;ENCONTRADO NA CALCADA DA ACADEMIA MSL VITALY - NA R MONTE REI;MASCULINO;PARDA;34;VENDEDOR AUTONOMO;ENSINO FUNDAMENTAL COMPLETO;ARMA DE FOGO;julho;28;segunda-feira;ADULTO;18;VESPERTINO
HOMICIDIO;NI;PLANALTO;R ASA BRANCA Nº 34 (CONJUNTO SANTA CLARA);FEMININO;PARDA;23;DO LAR;ENSINO FUNDAMENTAL COMPLETO;ARMA DE FOGO;maio;3;sábado;ADULTO;NI;NI
HOMICIDIO;18:00;PLANALTO;R FELIX JOAO HELIO;MASCULINO;NEGRA;33;AGRICULTOR(A);ENSINO FUNDAMENTAL COMPLETO;ARMA DE FOGO;março;10;segunda-feira;ADULTO;18;VESPERTINO
HOMICIDIO;21:27;PLANALTO;R JOAO HELIO;MASCULINO;BRANCA;25;SERVENTE DE OBRAS;ENSINO FUNDAMENTAL COMPLETO;ARMA DE FOGO;março;12;quarta-feira;ADULTO;21;NOTURNO
HOMICIDIO;09:58;PLANALTO;R MARANATA (NA ESTRADA QUE VAI PARA A LOCALIDADE DE LENINGRADO);MASCULINO;PARDA;29;SOLDADOR;ENSINO FUNDAMENTAL COMPLETO;ARMA DE FOGO;outubro;20;segunda-feira;ADULTO;10;MATUTINO
HOMICIDIO;04:57;PLANALTO;R PIRANIBU EM FRENTE AO Nº 105;MASCULINO;PARDA;17;ESTUDANTE B;ENSINO FUNDAMENTAL COMPLETO;ARMA DE FOGO;julho;9;quarta-feira;ADOLESCENTE;5;MADRUGADA
HOMICIDIO;18:00;PLANALTO;R REDINHA - PROXIMO AO TELECENTRO;MASCULINO;PARDA;25;CARROCEIRO;ENSINO FUNDAMENTAL COMPLETO;ARMA DE FOGO;outubro;4;sábado;ADULTO;18;VESPERTINO
HOMICIDIO;20:25;PLANALTO;R ZECA DA SILVA - EM FRENTE A CASA Nº 78;MASCULINO;NEGRA;20;SERVENTE DE OBRAS;ENSINO FUNDAMENTAL COMPLETO;ARMA DE FOGO;maio;17;sábado;ADULTO;20;NOTURNO
HOMICIDIO;23:22;PLANALTO;SAO GREGORIO AST;MASCULINO;NEGRA;41;CARREGADOR;ENSINO FUNDAMENTAL COMPLETO;ARMA DE FOGO;outubro;6;segunda-feira;ADULTO;23;NOTURNO
HOMICIDIO;01:48;PLANALTO;TV ARACATI, PROXIMO AO MORRO;FEMININO;NEGRA;22;DO LAR;ENSINO FUNDAMENTAL COMPLETO;ARMA DE FOGO;julho;9;quarta-feira;ADULTO;2;MADRUGADA
HOMICIDIO;18:00;PLANALTO;TV CARFARNAUM - APOS O MERCADINHO DO INACIO;MASCULINO;NEGRA;26;SERVENTE DE OBRAS;ENSINO FUNDAMENTAL COMPLETO;ARMA DE FOGO;janeiro;29;quarta-feira;ADULTO;18;VESPERTINO
LESAO CORPORAL SEGUIDA DE MORTE;21:27;PLANALTO;R TOMIRIM;MASCULINO;PARDA;23;ASG;ENSINO FUNDAMENTAL COMPLETO;OBJETO CONTUNDENTE;abril;7;segunda-feira;ADULTO;21;NOTURNO
HOMICIDIO;20:44;PLANALTO;AST 08 DE MARCO, CONJUNTO SANTA CLARA;MASCULINO;NEGRA;33;VIDRACEIRO;ENSINO MEDIO COMPLETO;ARMA BRANCA;julho;14;segunda-feira;ADULTO;21;NOTURNO
HOMICIDIO;21:02;PLANALTO;LATERAL DA IGREJA BATISTA PLANALTO;MASCULINO;NEGRA;18;ESTUDANTE C;ENSINO MEDIO COMPLETO;ARMA DE FOGO;agosto;26;terça-feira;ADULTO;21;NOTURNO
LATROCINIO;18:00;PLANALTO;NO MERCADINHO BOM VIZINHO, R CARLOS FILGUEIRA, 545;MASCULINO;PARDA;35;ELETRICISTA;ENSINO MEDIO COMPLETO;ARMA DE FOGO;julho;4;sexta-feira;ADULTO;18;VESPERTINO
HOMICIDIO;20:25;PLANALTO;POR TRAS DA GRANJA DO PLANALTO;MASCULINO;BRANCA;27;VENDEDOR DE LOJA;ENSINO MEDIO COMPLETO;ARMA DE FOGO;março;1;sábado;ADULTO;20;NOTURNO
HOMICIDIO;NI;PLANALTO;R ASA BRANCA Nº 34 (CONJUNTO SANTA CLARA);MASCULINO;PARDA;22;FRENTISTA;ENSINO MEDIO COMPLETO;ARMA DE FOGO;maio;3;sábado;ADULTO;NI;NI
HOMICIDIO;20:01;PLANALTO;R FENIX;MASCULINO;PARDA;26;MECANICO(A);ENSINO MEDIO COMPLETO;ARMA DE FOGO;fevereiro;16;domingo;ADULTO;20;NOTURNO
HOMICIDIO;NI;PLANALTO;R FRANCISCO DE ASSIS DA SILVEIRA;MASCULINO;PARDA;20;VIGILANTE;ENSINO MEDIO COMPLETO;ARMA DE FOGO;setembro;17;quarta-feira;ADULTO;NI;NI
HOMICIDIO;21:27;PLANALTO;R MIRAMANGUE - NO INTERIOR DE UM VEICULO;MASCULINO;BRANCA;18;VENDEDOR DE LOJA;ENSINO MEDIO COMPLETO;ARMA DE FOGO;maio;17;sábado;ADULTO;21;NOTURNO
LATROCINIO;18:00;PLANALTO;R PROF. ANTONIO TRIGUEIRO;MASCULINO;PARDA;42;COMERCIANTE;ENSINO MEDIO COMPLETO;ARMA DE FOGO;dezembro;30;terça-feira;ADULTO;18;VESPERTINO
HOMICIDIO;18:00;PLANALTO;R SANTA QUITERIA;MASCULINO;PARDA;22;AUXILIAR DE ELETRICISTA;ENSINO MEDIO COMPLETO;ARMA DE FOGO;abril;4;sexta-feira;ADULTO;18;VESPERTINO
HOMICIDIO;21:27;PLANALTO;R SAO JOAO GREGORIO, PROX AO CJ SANTA CLARA;MASCULINO;PARDA;33;COMERCIANTE;ENSINO MEDIO COMPLETO;ARMA DE FOGO;outubro;19;domingo;ADULTO;21;NOTURNO
HOMICIDIO;23:57;PLANALTO;R JARDIM DO EDEM;MASCULINO;NEGRA;43;ELETRICISTA DE VEICULO;ENSINO MEDIO COMPLETO;ASFIXIA MECANICA PROVOCADA;maio;26;segunda-feira;ADULTO;24;NOTURNO
LESAO CORPORAL SEGUIDA DE MORTE;21:27;PLANALTO;R ENGENHEIRO JOSE DANTAS - CONJUNTO LENINGRADO;MASCULINO;NEGRA;47;MARCENEIRO;ENSINO MEDIO COMPLETO;OBJETO CONTUNDENTE;maio;2;sexta-feira;ADULTO;21;NOTURNO
HOMICIDIO;20:31;PLANALTO;VIA PUBLICA;MASCULINO;PARDA;39;NI;NI;ARMA BRANCA;dezembro;26;sexta-feira;ADULTO;21;NOTURNO
HOMICIDIO;18:00;PLANALTO;2ª TV MONTE REI;MASCULINO;PARDA;26;NI;NI;ARMA DE FOGO;dezembro;14;domingo;ADULTO;18;VESPERTINO
LATROCINIO;20:44;PLANALTO;AV MIRA MANGUE (NO INTERIOR DE UM ESTABELECIMENTO COMERCIAL) ;MASCULINO;PARDA;50;NI;NI;ARMA DE FOGO;dezembro;6;sábado;ADULTO;21;NOTURNO
HOMICIDIO;23:35;PLANALTO;COND. VIVENDAS DO PLANALTO;MASCULINO;NEGRA;26;NI;NI;ARMA DE FOGO;junho;16;segunda-feira;ADULTO;24;NOTURNO
HOMICIDIO;15:43;PLANALTO;ESTRADA CARROCAVEL, PROL. DA SANTO ORNOFR;MASCULINO;NEGRA;18;DESEMPREGADO;NI;ARMA DE FOGO;agosto;17;domingo;ADULTO;16;VESPERTINO
HOMICIDIO;18:00;PLANALTO;R FRANCISCA CAMPOS, AO LADO DA ASSOCIACAO VIVENDAS DO PLANALTO;MASCULINO;NEGRA;24;NI;NI;ARMA DE FOGO;novembro;20;quinta-feira;ADULTO;18;VESPERTINO
HOMICIDIO;20:41;PLANALTO;R FRANCISCA CAMPOS, AO LADO DA ASSOCIACAO VIVENDAS DO PLANALTO;MASCULINO;NEGRA;26;NI;NI;ARMA DE FOGO;novembro;20;quinta-feira;ADULTO;21;NOTURNO
HOMICIDIO;20:17;PLANALTO;R JARDIM DO EDEN;MASCULINO;PARDA;20;DESEMPREGADO;NI;ARMA DE FOGO;janeiro;29;quarta-feira;ADULTO;20;NOTURNO
HOMICIDIO;18:00;PLANALTO;R LUIZ FELIPE, CONJUNTO LENINGRADO;MASCULINO;NEGRA;21;NI;NI;ARMA DE FOGO;junho;24;terça-feira;ADULTO;18;VESPERTINO
HOMICIDIO;NI;PLANALTO;R MARCOS AUGUSTO EM FRENTE AO N° 11 C ;MASCULINO;NEGRA;21;NI;NI;ARMA DE FOGO;novembro;9;domingo;ADULTO;NI;NI
HOMICIDIO;00:23;PLANALTO;R PROFESSOR COUTINHO;MASCULINO;PARDA;33;NI;NI;ARMA DE FOGO;novembro;21;sexta-feira;ADULTO;0;NOTURNO
HOMICIDIO;21:27;PLANALTO;R SANTA QUITERIA;MASCULINO;PARDA;21;DETENTO FUGITIVO;NI;ARMA DE FOGO;outubro;3;sexta-feira;ADULTO;21;NOTURNO
HOMICIDIO;09:59;PLANALTO;R SAO BRAULIO;MASCULINO;PARDA;21;DESEMPREGADO;NI;ARMA DE FOGO;agosto;18;segunda-feira;ADULTO;10;MATUTINO
HOMICIDIO;20:23;PLANALTO;TV NOSSA SRA DA PIEDADE PROXIMO AO MERCADINHO DO LEAO (ENTERRADO AINDA VIVO);MASCULINO;PARDA;24;DESEMPREGADO;NI;ARMA DE FOGO;julho;14;segunda-feira;ADULTO;20;NOTURNO
HOMICIDIO;23:21;PLANALTO;AV NEZINHO ALVES;MASCULINO;NEGRA;22;PROCURADOR DE JUSTICA;SUPERIOR;ARMA DE FOGO;maio;27;terça-feira;ADULTO;23;NOTURNO
HOMICIDIO;21:27;PONTA NEGRA;R SANTA MARIA;MASCULINO;PARDA;35;PINTOR;ENSINO FUNDAMENTAL COMPLETO;ARMA DE FOGO;outubro;3;sexta-feira;ADULTO;21;NOTURNO
HOMICIDIO;18:00;PONTA NEGRA;R ALTO BOA VISTA S/N;MASCULINO;BRANCA;14;ESTUDANTE C;ENSINO MEDIO COMPLETO;ARMA BRANCA;março;19;quarta-feira;ADOLESCENTE;18;VESPERTINO
LATROCINIO;18:00;PONTA NEGRA;R TEN. OLAVO FRANCISCO DOS SANTOS - NO ESTACIONAMENTO;MASCULINO;BRANCA;30;CORRETOR DE AUTOMOVEIS;ENSINO MEDIO COMPLETO;ARMA DE FOGO;janeiro;20;segunda-feira;ADULTO;18;VESPERTINO
LATROCINIO;18:00;PONTA NEGRA;R BARREIRA ROXA, 2117, POUSADA VILA IRENE;MASCULINO;NEGRA;18;DESEMPREGADO;NI;ARMA DE FOGO;julho;2;quarta-feira;ADULTO;18;VESPERTINO
HOMICIDIO;18:52;PONTA NEGRA;R DO CORRUPIU;MASCULINO;PARDA;29;NI;NI;ARMA DE FOGO;junho;21;sábado;ADULTO;19;NOTURNO
LATROCINIO;18:00;PONTA NEGRA;R FRANCISCO SIMPLICIO, VILA DE PONTA NEGRA;MASCULINO;PARDA;23;NI;NI;ARMA DE FOGO;junho;30;segunda-feira;ADULTO;18;VESPERTINO
HOMICIDIO;21:27;PONTA NEGRA;R JOSE BARRADO;MASCULINO;NEGRA;31;NI;NI;ARMA DE FOGO;fevereiro;4;terça-feira;ADULTO;21;NOTURNO
HOMICIDIO;NI;PONTA NEGRA;R MANOEL CONGO;MASCULINO;NEGRA;31;DESOCUPADO(A);NI;ARMA DE FOGO;julho;17;quinta-feira;ADULTO;NI;NI
HOMICIDIO;04:47;PONTA NEGRA;R MORRO DO CARECA, VILA DE PONTA NEGRA;MASCULINO;PARDA;22;NI;NI;ARMA DE FOGO;novembro;26;quarta-feira;ADULTO;5;MADRUGADA
HOMICIDIO;18:00;PONTA NEGRA;R SANTA MARIA;MASCULINO;PARDA;18;DESOCUPADO(A);NI;ARMA DE FOGO;outubro;3;sexta-feira;ADULTO;18;VESPERTINO
HOMICIDIO;21:27;PONTA NEGRA;VILA DE PONTA NEGRA;MASCULINO;NEGRA;21;DESEMPREGADO;NI;ARMA DE FOGO;maio;3;sábado;ADULTO;21;NOTURNO
ESTUPRO SEGUIDO DE MORTE;NI;PONTA NEGRA;POUSADA VARANDAS DA PRAIA;FEMININO;BRANCA;47;EMPRESARIO(A);SUPERIOR;ASFIXIA MECANICA PROVOCADA;novembro;13;quinta-feira;ADULTO;NI;NI
HOMICIDIO;18:00;POTENGI;AV DR JOAO MEDEIROS FILHO;MASCULINO;PARDA;25;ASG;ENSINO FUNDAMENTAL COMPLETO;ARMA DE FOGO;agosto;4;segunda-feira;ADULTO;18;VESPERTINO
HOMICIDIO;20:07;POTENGI;AV DR JOAO MEDEIROS FILHO;MASCULINO;NEGRA;20;ENTREGADOR;ENSINO FUNDAMENTAL COMPLETO;ARMA DE FOGO;janeiro;10;sexta-feira;ADULTO;20;NOTURNO
LATROCINIO;01:48;POTENGI;AV JOAO MEDEIROS FILHO;MASCULINO;NEGRA;21;ASG;ENSINO FUNDAMENTAL COMPLETO;ARMA DE FOGO;setembro;5;sexta-feira;ADULTO;2;MADRUGADA
HOMICIDIO;18:00;POTENGI;ENCONTRADO NA R APUCARANA EM FRENTE AO Nº 34;MASCULINO;NEGRA;32;AUXILIAR DE MECANICO;ENSINO FUNDAMENTAL COMPLETO;ARMA DE FOGO;julho;13;domingo;ADULTO;18;VESPERTINO
HOMICIDIO;07:41;POTENGI;OCORRENCIA NA AV APUCARANA - VIA PULBLICA;MASCULINO;PARDA;24;ASG;ENSINO FUNDAMENTAL COMPLETO;ARMA DE FOGO;julho;19;sábado;ADULTO;8;MATUTINO
HOMICIDIO;NI;POTENGI;R CRUZEIRO DO OESTE - EM FRENTE AO Nº 137;MASCULINO;PARDA;29;VENDEDOR AUTONOMO;ENSINO FUNDAMENTAL COMPLETO;ARMA DE FOGO;março;12;quarta-feira;ADULTO;NI;NI
HOMICIDIO;18:00;POTENGI;R DO LIMOEIRO DO NORTE, PANATIS;MASCULINO;NEGRA;24;VENDEDOR AUTONOMO;ENSINO FUNDAMENTAL COMPLETO;ARMA DE FOGO;agosto;11;segunda-feira;ADULTO;18;VESPERTINO
HOMICIDIO;07:10;POTENGI;R DR PEDRO LOPES CARNEIRO LC;MASCULINO;NEGRA;34;SERVENTE DE OBRAS;ENSINO FUNDAMENTAL COMPLETO;ARMA DE FOGO;janeiro;12;domingo;ADULTO;7;MATUTINO
HOMICIDIO;22:55;POTENGI;R SERRA DA TIJUCA PROXIMO AO POSTE DE ILUMINACAO PUBLICA N° B-3 - 583 - SOLEDADE II;MASCULINO;NEGRA;16;ESTUDANTE B;ENSINO FUNDAMENTAL COMPLETO;ARMA DE FOGO;dezembro;31;quarta-feira;ADOLESCENTE;23;NOTURNO
HOMICIDIO;23:51;POTENGI;R VOTUPORANGA - SANTAREM;MASCULINO;NEGRA;46;VENDEDOR AUTONOMO;ENSINO FUNDAMENTAL COMPLETO;ARMA DE FOGO;maio;24;sábado;ADULTO;24;NOTURNO
HOMICIDIO;19:15;POTENGI;TV LINDALVA OLEGARIO- EM FRENTE AO Nº 46 - JARDIM PROGRESSO;MASCULINO;BRANCA;35;PINTOR;ENSINO FUNDAMENTAL COMPLETO;ARMA DE FOGO;junho;2;segunda-feira;ADULTO;19;NOTURNO
HOMICIDIO;NI;POTENGI;VIA PUBLICA;MASCULINO;BRANCA;17;SOLDADOR;ENSINO FUNDAMENTAL COMPLETO;ARMA DE FOGO;abril;27;domingo;ADOLESCENTE;NI;NI
HOMICIDIO;18:00;POTENGI;R VOTUOPORANGA;MASCULINO;NEGRA;18;ESTUDANTE C;ENSINO MEDIO COMPLETO;ARMA BRANCA;julho;24;quinta-feira;ADULTO;18;VESPERTINO
HOMICIDIO;14:18;POTENGI;3ª TV SIQUEIRA CAMPOS;MASCULINO;PARDA;18;ESTUDANTE C;ENSINO MEDIO COMPLETO;ARMA DE FOGO;novembro;13;quinta-feira;ADULTO;14;VESPERTINO
HOMICIDIO;21:27;POTENGI;AV DR JOAO MEDEIROS FILHO;MASCULINO;NEGRA;24;AUXILIAR DE PIZZAIOLO;ENSINO MEDIO COMPLETO;ARMA DE FOGO;julho;24;quinta-feira;ADULTO;21;NOTURNO
HOMICIDIO;14:10;POTENGI;AV DR JOAO MEDEIROS FILHO;MASCULINO;PARDA;20;ESTUDANTE C;ENSINO MEDIO COMPLETO;ARMA DE FOGO;abril;14;segunda-feira;ADULTO;14;VESPERTINO
HOMICIDIO;16:10;POTENGI;AV ITAPETINGA;MASCULINO;BRANCA;19;ESTUDANTE C;ENSINO MEDIO COMPLETO;ARMA DE FOGO;fevereiro;8;sábado;ADULTO;16;VESPERTINO
HOMICIDIO;NI;POTENGI;CONJUNTO SANTA CATARINA;MASCULINO;NEGRA;30;AUXILIAR DE ALMOXARIFADO DE OBRAS;ENSINO MEDIO COMPLETO;ARMA DE FOGO;maio;25;domingo;ADULTO;NI;NI
HOMICIDIO;21:27;POTENGI;R CRUZEIRO DO OESTE - EM FRENTE AO Nº 137;MASCULINO;BRANCA;25;ELETRICISTA;ENSINO MEDIO COMPLETO;ARMA DE FOGO;março;12;quarta-feira;ADULTO;21;NOTURNO
HOMICIDIO;13:56;POTENGI;R CURITIBANOS, Nº01, CONJ SANTA CATARINA;FEMININO;PARDA;18;ESTUDANTE C;ENSINO MEDIO COMPLETO;ARMA DE FOGO;setembro;28;domingo;ADULTO;14;VESPERTINO
HOMICIDIO;23:35;POTENGI;R VOLTA REDONDA, CONJUNTO SANTA CATARINA;FEMININO;PARDA;23;ESTUDANTE C;ENSINO MEDIO COMPLETO;ARMA DE FOGO;julho;15;terça-feira;ADULTO;24;NOTURNO
HOMICIDIO;07:10;POTENGI;TV AUGUSTO SEZINO, 35, DENTRO DA RESIDENCIA;MASCULINO;NEGRA;19;ESTUDANTE C;ENSINO MEDIO COMPLETO;ARMA DE FOGO;agosto;7;quinta-feira;ADULTO;7;MATUTINO
HOMICIDIO;NI;POTENGI;PRACA IAPICARA, PROXIMO AO SUPERMERCADO NORDESTAO, NO CONJUNTO SANTA CATARINA;MASCULINO;NEGRA;22;NI;NI;ARMA BRANCA;junho;3;terça-feira;ADULTO;NI;NI
HOMICIDIO;20:29;POTENGI;R CEL BORGES EM FRENTE A CASA Nº 861;MASCULINO;PARDA;23;NI;NI;ARMA BRANCA;novembro;19;quarta-feira;ADULTO;20;NOTURNO
HOMICIDIO;21:27;POTENGI;AREA DE LAZER DE PANATIS;MASCULINO;NEGRA;25;NI;NI;ARMA DE FOGO;junho;23;segunda-feira;ADULTO;21;NOTURNO
HOMICIDIO;NI;POTENGI;AV APUCARANA;MASCULINO;PARDA;24;NI;NI;ARMA DE FOGO;outubro;21;terça-feira;ADULTO;NI;NI
HOMICIDIO;21:27;POTENGI;AV DR JOAO MEDEIROS FILHO;MASCULINO;NEGRA;23;DESEMPREGADO;NI;ARMA DE FOGO;julho;26;sábado;ADULTO;21;NOTURNO
HOMICIDIO;23:51;POTENGI;AV DR JOAO MEDEIROS FILHO;MASCULINO;BRANCA;20;DESOCUPADO(A);NI;ARMA DE FOGO;abril;30;quarta-feira;ADULTO;24;NOTURNO
HOMICIDIO;23:51;POTENGI;AV DR JOAO MEDEIROS FILHO;MASCULINO;NEGRA;22;DESOCUPADO(A);NI;ARMA DE FOGO;setembro;21;domingo;ADULTO;24;NOTURNO
HOMICIDIO;23:35;POTENGI;AV DR JOAO MEDEIROS FILHO;MASCULINO;PARDA;37;VENDEDOR AMBULANTE;NI;ARMA DE FOGO;abril;19;sábado;ADULTO;24;NOTURNO
HOMICIDIO;19:15;POTENGI;AV FLORIANOPOLIS;MASCULINO;BRANCA;31;DESOCUPADO(A);NI;ARMA DE FOGO;janeiro;19;domingo;ADULTO;19;NOTURNO
HOMICIDIO;14:18;POTENGI;AV ITAPETINGA;MASCULINO;BRANCA;29;EX DETENTO TRABALHADOR;NI;ARMA DE FOGO;janeiro;22;quarta-feira;ADULTO;14;VESPERTINO
HOMICIDIO;NI;POTENGI;AV JOAO MEDEIROS FILHO;MASCULINO;NEGRA;25;NI;NI;ARMA DE FOGO;maio;21;quarta-feira;ADULTO;NI;NI
HOMICIDIO;21:27;POTENGI;AV SENHOR DO BOMFIM, CJ SANTA CATARINA;MASCULINO;NEGRA;50;NI;NI;ARMA DE FOGO;junho;9;segunda-feira;ADULTO;21;NOTURNO
LESAO CORPORAL SEGUIDA DE MORTE;15:19;POTENGI;HOSPITAL DR JOSE PEDRO BEZERRA (R ARAQUARI, S/N CONJUNTO SANTA CATARINA);MASCULINO;PARDA;21;NI;NI;ARMA DE FOGO;novembro;21;sexta-feira;ADULTO;15;VESPERTINO
LESAO CORPORAL SEGUIDA DE MORTE;21:27;POTENGI;HOSPITAL SANTA CATARINA (R ARAGUARI);MASCULINO;PARDA;36;NI;NI;ARMA DE FOGO;novembro;21;sexta-feira;ADULTO;21;NOTURNO
HOMICIDIO;18:00;POTENGI;R ALTO DA TORRE Nº 25;MASCULINO;NEGRA;18;NI;NI;ARMA DE FOGO;março;5;quarta-feira;ADULTO;18;VESPERTINO
HOMICIDIO;18:00;POTENGI;R ITABUNA, CONJ SOLEDADE 1;MASCULINO;PARDA;23;NI;NI;ARMA DE FOGO;dezembro;20;sábado;ADULTO;18;VESPERTINO
HOMICIDIO;19:27;POTENGI;R PRACA IGUARACU Nº 35 -CONJUNTO SANTAREM;MASCULINO;NEGRA;29;DESEMPREGADO;NI;ARMA DE FOGO;janeiro;14;terça-feira;ADULTO;19;NOTURNO
HOMICIDIO;19:21;POTENGI;CADEIA PUBLICA DE NATAL: RAIMUNDO NONATO, AV ITAPETINGA, S/N;MASCULINO;NEGRA;18;DETENTO;NI;ASFIXIA MECANICA PROVOCADA;janeiro;18;sábado;ADULTO;19;NOTURNO
LESAO CORPORAL SEGUIDA DE MORTE;16:12;POTENGI;OBS - NAO DETERMINADO NA VIA DO DELEGADO ZONA NORTE LK;MASCULINO;PARDA;18;DESOCUPADO(A);NI;CARBONIZACAO;janeiro;13;segunda-feira;ADULTO;16;VESPERTINO
HOMICIDIO;15:43;POTENGI;CADEIA PUBLICA DE NATAL (RAIMUNDO NONATO) AV ITAPETINGA, S/N - ESPANCADO POR COLEGAS MORREU NO HOSPITAL;MASCULINO;NEGRA;18;DESOCUPADO(A);NI;ESPANCAMENTO;julho;26;sábado;ADULTO;16;VESPERTINO
HOMICIDIO;18:00;PRAIA DO MEIO;AV 25 DE DEZEMBRO;MASCULINO;PARDA;27;FLANELINHA;ENSINO FUNDAMENTAL COMPLETO;ARMA DE FOGO;novembro;26;quarta-feira;ADULTO;18;VESPERTINO
HOMICIDIO;21:32;PRAIA DO MEIO;R DARCY MARGAS;MASCULINO;PARDA;30;FLANELINHA;ENSINO FUNDAMENTAL COMPLETO;ARMA DE FOGO;outubro;18;sábado;ADULTO;22;NOTURNO
HOMICIDIO;09:00;PRAIA DO MEIO;R FELICIANO DIAS;MASCULINO;NEGRA;19;SERVENTE DE OBRAS;ENSINO FUNDAMENTAL COMPLETO;ARMA DE FOGO;julho;9;quarta-feira;ADULTO;9;MATUTINO
HOMICIDIO;18:00;PRAIA DO MEIO;R 25 DE DEZEMBRO;FEMININO;BRANCA;32;ACOMPANHANTE INTIMO;NI;ARMA DE FOGO;setembro;9;terça-feira;ADULTO;18;VESPERTINO
ESTUPRO SEGUIDO DE MORTE;20:25;PRAIA DO MEIO;R RODRIGUES DIAS;FEMININO;PARDA;27;NI;NI;ASFIXIA MECANICA PROVOCADA;dezembro;24;quarta-feira;ADULTO;20;NOTURNO
HOMICIDIO;23:38;QUINTAS;R GENERAL ORLANDO GEISEL Nº 81 LC;MASCULINO;NEGRA;31;VENDEDOR AUTONOMO;ENSINO FUNDAMENTAL COMPLETO;ARMA BRANCA;janeiro;11;sábado;ADULTO;24;NOTURNO
HOMICIDIO;18:00;QUINTAS;R SAO GERALDO, 187 C;MASCULINO;PARDA;34;DO LAR;ENSINO FUNDAMENTAL COMPLETO;ARMA BRANCA;dezembro;7;domingo;ADULTO;18;VESPERTINO
HOMICIDIO;NI;QUINTAS;R DR MARIO NEGOCIO, VIA PUBLICA;MASCULINO;PARDA;22;SERVENTE DE OBRAS;ENSINO FUNDAMENTAL COMPLETO;ARMA DE FOGO;julho;25;sexta-feira;ADULTO;NI;NI
HOMICIDIO;18:00;QUINTAS;R SANTA HELENA;MASCULINO;PARDA;27;AGRICULTOR(A);ENSINO FUNDAMENTAL COMPLETO;ARMA DE FOGO;janeiro;26;domingo;ADULTO;18;VESPERTINO
HOMICIDIO;04:57;QUINTAS;R: NOVA JERUSALEM, Nº 24 (DENTRO DE SUA RESIDENCIA);FEMININO;PARDA;29;DO LAR;ENSINO FUNDAMENTAL COMPLETO;ARMA DE FOGO;setembro;7;domingo;ADULTO;5;MADRUGADA
LESAO CORPORAL SEGUIDA DE MORTE;21:32;QUINTAS;MORTE APARENTEMENTE POR OVERDOSE, SENDO CONFIRMADA ACAO CONDUNTE EM LAUDO DO SITE ITEP EM 25/4/2014 (LAUDO RETIRADO DO LIVRO);FEMININO;PARDA;41;DO LAR;ENSINO FUNDAMENTAL COMPLETO;OBJETO CONTUNDENTE;abril;18;sexta-feira;ADULTO;22;NOTURNO
HOMICIDIO;18:00;QUINTAS;R VILA FERREVIARIA;MASCULINO;NEGRA;18;GARCOM;ENSINO MEDIO COMPLETO;ARMA DE FOGO;fevereiro;14;sexta-feira;ADULTO;18;VESPERTINO
LESAO CORPORAL SEGUIDA DE MORTE;19:44;QUINTAS;AV CEL ESTEVAM;MASCULINO;PARDA;23;NI;NI;ARMA BRANCA;dezembro;21;domingo;ADULTO;20;NOTURNO
HOMICIDIO;21:27;QUINTAS;R DR JOSE NEVES;MASCULINO;BRANCA;37;DESEMPREGADO;NI;ARMA BRANCA;fevereiro;3;segunda-feira;ADULTO;21;NOTURNO
HOMICIDIO;NI;QUINTAS;ENCONTRADO AS MARGENS DO RIO POTENGI;MASCULINO;PARDA;26;DESEMPREGADO;NI;ARMA DE FOGO;maio;1;quinta-feira;ADULTO;NI;NI
HOMICIDIO;19:46;QUINTAS;ENCONTRADO NA LAGOA DE CAPTACAO DA CAERN ATRAS DA 7 DP;MASCULINO;NEGRA;28;DESEMPREGADO;NI;ARMA DE FOGO;janeiro;16;quinta-feira;ADULTO;20;NOTURNO
HOMICIDIO;22:55;QUINTAS;R ARI PARREIRA,1476,;MASCULINO;NEGRA;29;DESEMPREGADO;NI;ARMA DE FOGO;agosto;18;segunda-feira;ADULTO;23;NOTURNO
HOMICIDIO;19:46;QUINTAS;R CONEGO MONTE;MASCULINO;NEGRA;31;NI;NI;ARMA DE FOGO;junho;23;segunda-feira;ADULTO;20;NOTURNO
HOMICIDIO;23:21;QUINTAS;R DOS PAIATIS EM FRENTE A CASA DE N 174;MASCULINO;NEGRA;18;DESEMPREGADO;NI;ARMA DE FOGO;julho;1;terça-feira;ADULTO;23;NOTURNO
HOMICIDIO;18:00;QUINTAS;R RIO POTENGI;MASCULINO;NEGRA;38;NI;NI;ARMA DE FOGO;junho;17;terça-feira;ADULTO;18;VESPERTINO
HOMICIDIO;21:27;REDINHA;R LUIZ JUSTINO DE OLIVEIRA Nº 30;MASCULINO;BRANCA;27;VENDEDOR AUTONOMO;ENSINO FUNDAMENTAL COMPLETO;ARMA DE FOGO;abril;23;quarta-feira;ADULTO;21;NOTURNO
HOMICIDIO;18:00;REDINHA;R MANOEL CAETANO - QUINTAL DO BAR DO EDILSON;MASCULINO;BRANCA;19;AMBULANTE;ENSINO FUNDAMENTAL COMPLETO;ARMA DE FOGO;fevereiro;9;domingo;ADULTO;18;VESPERTINO
HOMICIDIO;NI;REDINHA;MANGUE ABAIXO DA PONTE NEWTON NAVARRO;MASCULINO;PARDA;32;GARCOM;ENSINO MEDIO COMPLETO;ARMA DE FOGO;março;11;terça-feira;ADULTO;NI;NI
HOMICIDIO;19:46;REDINHA;R BAEPENDI, 868;MASCULINO;NEGRA;43;VIGILANTE;ENSINO MEDIO COMPLETO;ARMA DE FOGO;julho;6;domingo;ADULTO;20;NOTURNO
HOMICIDIO;NI;REDINHA;MERCADO PUBLICO DA REDINHA;MASCULINO;NEGRA;23;PESCADOR;NI;ARMA DE FOGO;março;2;domingo;ADULTO;NI;NI
HOMICIDIO;18:00;REDINHA;PROXIMO A QUADRA DE ESPORTES;MASCULINO;BRANCA;28;NI;NI;ARMA DE FOGO;novembro;4;terça-feira;ADULTO;18;VESPERTINO
HOMICIDIO;18:00;REDINHA;R PADRE CICERO, 431;MASCULINO;NEGRA;40;NI;NI;ARMA DE FOGO;dezembro;30;terça-feira;ADULTO;18;VESPERTINO
HOMICIDIO;23:10;REDINHA;R RENASCER, Nº 109 - ALTO DA TORRE;MASCULINO;BRANCA;22;NI;NI;ARMA DE FOGO;novembro;3;segunda-feira;ADULTO;23;NOTURNO
HOMICIDIO;18:00;REDINHA;R ULYSSES GUIMARAES;FEMININO;BRANCA;42;DESEMPREGADO;NI;ARMA DE FOGO;setembro;30;terça-feira;ADULTO;18;VESPERTINO
HOMICIDIO;21:27;REDINHA;TRVESSA BEBERIBE S/N;MASCULINO;NEGRA;17;MENOR SEM OCUPACAO;NI;ARMA DE FOGO;agosto;11;segunda-feira;ADOLESCENTE;21;NOTURNO
HOMICIDIO;20:44;REDINHA;VIA PUBLICA - ALTO DA TORRE;MASCULINO;BRANCA;21;DESOCUPADO(A);NI;ARMA DE FOGO;fevereiro;27;quinta-feira;ADULTO;21;NOTURNO
HOMICIDIO;19:03;REDINHA;R DAS PRIMULAS,EM FRENTE A CASA DE N/215, ALTO DA TORRE;MASCULINO;PARDA;44;EMPRESARIO(A);SUPERIOR;ARMA DE FOGO;agosto;11;segunda-feira;ADULTO;19;NOTURNO
HOMICIDIO;18:00;RIBEIRA;LARGO DA RIBEIRA - EM FRENTE A RDRIA VELHA;MASCULINO;PARDA;36;DESEMPREGADO;NI;ARMA BRANCA;abril;28;segunda-feira;ADULTO;18;VESPERTINO
HOMICIDIO;19:08;ROCAS;AV BELO HORIZONTE;MASCULINO;NEGRA;22;COMERCIANTE;ENSINO MEDIO COMPLETO;ARMA DE FOGO;agosto;25;segunda-feira;ADULTO;19;NOTURNO
LATROCINIO;10:15;ROCAS;R SAO PEDRO, Nº 56 - MERCADINHO NAS ROCAS ;MASCULINO;NEGRA;18;ESTUDANTE C;ENSINO MEDIO COMPLETO;ARMA DE FOGO;agosto;4;segunda-feira;ADULTO;10;MATUTINO
HOMICIDIO;16:44;ROCAS;R TEOTONIO FREIRE Nº 08;MASCULINO;BRANCA;34;COMERCIANTE;ENSINO MEDIO COMPLETO;ARMA DE FOGO;maio;27;terça-feira;ADULTO;17;VESPERTINO
HOMICIDIO;18:15;ROCAS;"R TEOTONIO FREIRE Nº 8""B"" EM FRENTE A RESIDENCIA";MASCULINO;BRANCA;35;COMERCIANTE;ENSINO MEDIO COMPLETO;ARMA DE FOGO;janeiro;21;terça-feira;ADULTO;18;VESPERTINO
HOMICIDIO;18:15;ROCAS;BAR DO CHIQUINHO, PRACA LIONS CLUB, S/N;MASCULINO;NEGRA;32;NI;NI;ARMA DE FOGO;junho;28;sábado;ADULTO;18;VESPERTINO
HOMICIDIO;18:00;ROCAS;BAR DO CHIQUINHO, PRACA LIONS CLUB, S/N;MASCULINO;BRANCA;48;NI;NI;ARMA DE FOGO;junho;28;sábado;ADULTO;18;VESPERTINO
HOMICIDIO;18:00;ROCAS;PRACA IRMA VITORIA;MASCULINO;NEGRA;32;DESEMPREGADO;NI;ARMA DE FOGO;maio;31;sábado;ADULTO;18;VESPERTINO
HOMICIDIO;NI;ROCAS;PRACA SAO JOAO DE DEUS - EM FRENTE AO HOSPESC;MASCULINO;PARDA;22;NI;NI;ARMA DE FOGO;fevereiro;5;quarta-feira;ADULTO;NI;NI
HOMICIDIO;19:05;ROCAS;R DA ESPERANCA;MASCULINO;NEGRA;20;NI;NI;ARMA DE FOGO;junho;28;sábado;ADULTO;19;NOTURNO
HOMICIDIO;14:45;ROCAS;R DO MOTOR;MASCULINO;BRANCA;20;NI;NI;ARMA DE FOGO;maio;28;quarta-feira;ADULTO;15;VESPERTINO
HOMICIDIO;20:02;ROCAS;R FRANCISCO BICALHO;MASCULINO;NEGRA;40;NI;NI;ARMA DE FOGO;novembro;29;sábado;ADULTO;20;NOTURNO
HOMICIDIO;12:50;ROCAS;R SAO SEBASTIAO;MASCULINO;PARDA;16;MENOR SEM OCUPACAO;NI;ARMA DE FOGO;julho;25;sexta-feira;ADOLESCENTE;13;VESPERTINO
HOMICIDIO;20:25;ROCAS;TV 04 DE FEVEREIRO;MASCULINO;PARDA;22;PESCADOR;NI;ARMA DE FOGO;julho;4;sexta-feira;ADULTO;20;NOTURNO
HOMICIDIO;NI;ROCAS;TV FLORESTA - MURIUN;MASCULINO;NEGRA;31;VENDEDOR AMBULANTE;NI;ARMA DE FOGO;maio;26;segunda-feira;ADULTO;NI;NI
HOMICIDIO;23:35;SANTOS REIS;TV SAO FRANCISCO Nº25 EM FRENTE A RESIDENCIA - BRASILIA TEIMOSA;MASCULINO;PARDA;20;VENDEDOR DE LOJA;ENSINO MEDIO COMPLETO;ARMA DE FOGO;maio;11;domingo;ADULTO;24;NOTURNO
HOMICIDIO;15:43;SANTOS REIS;R SAO DOMINGOS S/N BRASILIA TEIMOSA;MASCULINO;PARDA;47;NI;NI;ARMA BRANCA;novembro;6;quinta-feira;ADULTO;16;VESPERTINO
HOMICIDIO;17:09;SANTOS REIS;R DA ESPERANCA;MASCULINO;NEGRA;22;DESEMPREGADO;NI;ARMA DE FOGO;outubro;12;domingo;ADULTO;17;VESPERTINO
HOMICIDIO;19:44;TIROL;R AFONSO PENA (EM FRENTE AO PAPI);MASCULINO;NEGRA;22;SERVENTE DE OBRAS;ENSINO FUNDAMENTAL COMPLETO;ARMA DE FOGO;maio;24;sábado;ADULTO;20;NOTURNO
HOMICIDIO;18:15;TIROL;AV RODRIGUES ALVES;MASCULINO;BRANCA;29;VIGILANTE;ENSINO MEDIO COMPLETO;ARMA DE FOGO;janeiro;19;domingo;ADULTO;18;VESPERTINO
LESAO CORPORAL SEGUIDA DE MORTE;21:27;TIROL;HOSPITAL WALFREDO GURGEL ;MASCULINO;PARDA;36;NI;NI;ARMA DE FOGO;dezembro;20;sábado;ADULTO;21;NOTURNO
